time_myr,analytic_z6_msun,z3_chabrier_growth1,z3_chabrier_growth0,z3_topheavy_growth1,z3_topheavy_growth0,z6_chabrier_growth1,z6_chabrier_growth0,z6_topheavy_growth1,z6_topheavy_growth0,z9_chabrier_growth1,z9_chabrier_growth0,z9_topheavy_growth1,z9_topheavy_growth0
1.000000000000000000e+01,8.574619628206871033e+09,8.019950031833687782e+09,8.170733174171958923e+09,6.737387875280590057e+10,6.863686808164864349e+10,1.161198896451719093e+10,1.252664444942236710e+10,9.755759756356694031e+10,1.052188524593802185e+11,1.382619003549949837e+10,1.665111618925252724e+10,1.161849534945662537e+11,1.398476428014140625e+11
1.050000000000000000e+01,9.597588922978115082e+09,9.024220306610754013e+09,9.202426246094440460e+09,7.562959038812326050e+10,7.711856651836741638e+10,1.303793496032653618e+10,1.411843530912725067e+10,1.092769234546029510e+11,1.183047987711869202e+11,1.545180543880790329e+10,1.878388742836899948e+10,1.295388000544338837e+11,1.573802670926369629e+11
1.100000000000000000e+01,1.068641329603036308e+10,1.009692066598720169e+10,1.030587821802265930e+10,8.442129906713150024e+10,8.616295310000775146e+10,1.455630413363728714e+10,1.582266810343127251e+10,1.217180245745079193e+11,1.322729952946247253e+11,1.717087931874750137e+10,2.107021630641569519e+10,1.436169459182923584e+11,1.761186581735852661e+11
1.150000000000000000e+01,1.184204957804096603e+10,1.123913421316904449e+10,1.148239398858952522e+10,9.375505027480261230e+10,9.577774694551823425e+10,1.616802507353394890e+10,1.764158658127872086e+10,1.348846945341813354e+11,1.471371454710541382e+11,1.898304471855629349e+10,2.351350377673423767e+10,1.584125602107074585e+11,1.960842510014292297e+11
1.200000000000000000e+01,1.306542502525136757e+10,1.245190466115831757e+10,1.273324279895739555e+10,1.036365596144592896e+11,1.059703562520181274e+11,1.787395761614612961e+10,1.957738579398504257e+10,1.487801890309514771e+11,1.629105103336033020e+11,2.088784321290945816e+10,2.611709756013934326e+10,1.739181743878895874e+11,2.172979612685834961e+11
1.250000000000000000e+01,1.435743946346690941e+10,1.373623928320822144e+10,1.405966108147188377e+10,1.140712388108493805e+11,1.167479034399611511e+11,1.967489772023646545e+10,2.163221629853296661e+10,1.634072684256372375e+11,1.796059455960643005e+11,2.288473265439885330e+10,2.888429750600381470e+10,1.901257473308485107e+11,2.397802325332514954e+11
1.300000000000000000e+01,1.571896719472248650e+10,1.509311145512220001e+10,1.546285490567260551e+10,1.250642182676136322e+11,1.281172469064552155e+11,2.157158170443751144e+10,2.380818775761257935e+10,1.787682349075319214e+11,1.972359336699161072e+11,2.497309400858265305e+10,3.181836017371593857e+10,2.070267226723554382e+11,2.635510768111999512e+11
1.350000000000000000e+01,1.715085870124326897e+10,1.652346287252341652e+10,1.694400210483856964e+10,1.366203668117832184e+11,1.400850000168786316e+11,2.356468997251144409e+10,2.610737206297988510e+10,1.948649652180868225e+11,2.158126115640860901e+11,2.715223744530963516e+10,3.492250280133579254e+10,2.246120796719074402e+11,2.886301098798790283e+11
1.400000000000000000e+01,1.865394217514960861e+10,1.802820560034493637e+10,1.850425424259082413e+10,1.487443097806929932e+11,1.526575485040706177e+11,2.565485045710213470e+10,2.853180622624378586e+10,2.116989406362195129e+11,2.353477964534356995e+11,2.942140796980210114e+10,3.819990698528979492e+10,2.428723797608907776e+11,3.150365836588433228e+11
1.450000000000000000e+01,2.022902489746445847e+10,1.960822390437158203e+10,2.014473836673453903e+10,1.614404451844338379e+11,1.658410659888958130e+11,2.784264171492879486e+10,3.108349495387372971e+10,2.292712738862156677e+11,2.558530084589140625e+11,3.177979053011734009e+10,4.165372195687533569e+10,2.617978084940947571e+11,3.427894150293036499e+11
1.500000000000000000e+01,2.187689448607532501e+10,2.126437590303710556e+10,2.186655858821187210e+10,1.747129582671163330e+11,1.796415279421856079e+11,3.012859573237897873e+10,3.376441296328621292e+10,2.475827334687930603e+11,2.773394911193483276e+11,3.422651468215274048e+10,4.528706752922734833e+10,2.813782136013375854e+11,3.719072117137858887e+11
1.550000000000000000e+01,2.359832002915576172e+10,2.299749505426800156e+10,2.367079749919635010e+10,1.885658346235893860e+11,1.940647242387664795e+11,3.251320046646095657e+10,3.657650706028553772e+10,2.666337656726144409e+11,2.998182297755277710e+11,3.676065885244111633e+10,4.910303673970835876e+10,3.016031395364693604e+11,4.024082954924876709e+11
1.600000000000000000e+01,2.539405311799552917e+10,2.480839158982847977e+10,2.555851754564300156e+10,2.030028726183525696e+11,2.091162710667911682e+11,3.499690228234026337e+10,3.952169815626882935e+10,2.864245153451087036e+11,3.232999690441898804e+11,3.938125438774002075e+10,5.310469842771051025e+10,3.224618598127400513e+11,4.343107243351999512e+11
1.650000000000000000e+01,2.726482879109799194e+10,2.669785366107573700e+10,2.753076210909231949e+10,2.180276936933934021e+11,2.248016207218851318e+11,3.758010795922980499e+10,4.260188284187425232e+10,3.069548434666798096e+11,3.477952270798500977e+11,4.208728903711013794e+10,5.729509922587468719e+10,3.439434050403806152e+11,4.676323103086964722e+11
1.700000000000000000e+01,2.921136639968086624e+10,2.866664852629102325e+10,2.958855663844298172e+10,2.336437526461227722e+11,2.411260714316216431e+11,4.026318673094735718e+10,4.581893504703691101e+10,3.282243444747354126e+11,3.733143099588893433e+11,4.487771039192414093e+10,6.167726568215397644e+10,3.660365900076507568e+11,5.023906377689489136e+11
1.750000000000000000e+01,3.123437040328868103e+10,3.071552354147200394e+10,3.173290958448036957e+10,2.498543464478355103e+11,2.580947757241866455e+11,4.304647202965394592e+10,4.917470740097650909e+10,3.502323613538559570e+11,3.998673238602333374e+11,4.775142892455475616e+10,6.625420598637978363e+10,3.887300376754775391e+11,5.386030786671084595e+11
1.800000000000000000e+01,3.333453110303452301e+10,3.284520727970427704e+10,3.396481347408124542e+10,2.666626235923907776e+11,2.757127494012468262e+11,4.593026338766703796e+10,5.267103281812421417e+10,3.729780012822430420e+11,4.274641882562437744e+11,5.070732112762413788e+10,7.102891201670805359e+10,4.120122031827429810e+11,5.762868093357668457e+11
1.850000000000000000e+01,3.551252531898957062e+10,3.505641028104176331e+10,3.628524560622848511e+10,2.840715910053872070e+11,2.939848780257069092e+11,4.891482780613191986e+10,5.630972549936644745e+10,3.964601477183817139e+11,4.561146452763164062e+11,5.374423200814776611e+10,7.600436060008723450e+10,4.358713934381001587e+11,6.154588221533294678e+11
1.900000000000000000e+01,3.776901701739679718e+10,3.734982578465914917e+10,3.869516873385630035e+10,3.020841206861986694e+11,3.129159231712465820e+11,5.200040108413922119e+10,6.009258191613457489e+10,4.206774719800094604e+11,4.858282687446892700e+11,5.686097748412783051e+10,8.118351475721066284e+10,4.602957856963724365e+11,6.561359368376278076e+11
1.950000000000000000e+01,4.010465789267157745e+10,3.972613080519010925e+10,4.119553210946047211e+10,3.207029581722974243e+11,3.325105306142991943e+11,5.518718960608221436e+10,6.402138237144470215e+10,4.456284471934041138e+11,5.166144763187296753e+11,6.005634721165815735e+10,8.656932574688316345e+10,4.852734481856892700e+11,6.983348160658934326e+11
2.000000000000000000e+01,4.252008790854412079e+10,4.218598656482052612e+10,4.378727186378382111e+10,3.399307270615249023e+11,3.527732344566502686e+11,5.847537122388954163e+10,6.809789152004706573e+10,4.713113566658607788e+11,5.484825352902408447e+11,6.332910639061262512e+10,9.216473369492738342e+10,5.107923543335162354e+11,7.420719724995402832e+11
2.050000000000000000e+01,4.501593580217891693e+10,4.473003912939682007e+10,4.647131160034582520e+10,3.597699346126793213e+11,3.737084624021293335e+11,6.186509640957574463e+10,7.232385923097401428e+10,4.977243036416613159e+11,5.814415702331811523e+11,6.667799781540160370e+10,9.797266869744682312e+10,5.368403981021576538e+11,7.873637783909493408e+11
2.100000000000000000e+01,4.759281955466036987e+10,4.735892034304914856e+10,4.924856330659999847e+10,3.802229788867937012e+11,3.953205426813221436e+11,6.535648980205931854e+10,7.670102195395826721e+10,5.248652230460790405e+11,6.155005732905021973e+11,7.010174428848052979e+10,1.039960526252074280e+11,5.634054110060695801e+11,8.342264788879138184e+11
2.150000000000000000e+01,5.025134683084863281e+10,5.007324822072734833e+10,5.211992770221222687e+10,4.012921526478328857e+11,4.176137076208959961e+11,6.894965099739338684e+10,8.123110320491325378e+10,5.527318886745980225e+11,6.506684092213369141e+11,7.359905019147143555e+10,1.102377997259259491e+11,5.904751739690809326e+11,8.826761982064479980e+11
2.200000000000000000e+01,5.299211539127682495e+10,5.287362710122882080e+10,5.508629433797939301e+10,4.229796458516710815e+11,4.405920957528117676e+11,7.264465500582072449e+10,8.591581365994433594e+10,5.813219183858939209e+11,6.869538181678991699e+11,7.716860267974435425e+10,1.167008166900241089e+11,6.180374268370972900e+11,9.327289426968431396e+11
2.250000000000000000e+01,5.581571347847158051e+10,5.576064908563426208e+10,5.814854304663184357e+10,4.452875552242410889e+11,4.642597613887115479e+11,7.644155444657369995e+10,9.075685338692535400e+10,6.106327888462243652e+11,7.243654302367846680e+11,8.080907463232992554e+10,1.233880056693218842e+11,6.460798874434504395e+11,9.844006202469072266e+11
2.300000000000000000e+01,5.872272017982645416e+10,5.873489300074670410e+10,6.130754279832530212e+10,4.682178799186403809e+11,4.886206696064099731e+11,8.034037836971821594e+10,9.575590998255335999e+10,6.406618312699881592e+11,7.629117570786457520e+11,8.451912408887762451e+10,1.303022616537325287e+11,6.745902507903945312e+11,1.037707028011031738e+12
2.350000000000000000e+01,6.171370576893779755e+10,6.179692682207501221e+10,6.456415419370709991e+10,4.917725362780985718e+11,5.136787113323105469e+11,8.434113576071675110e+10,1.009146624611121826e+11,6.714062529959190674e+11,8.026012152497951660e+11,8.829739845652182007e+10,1.374464777946985474e+11,7.035562144734810791e+11,1.092663884059241333e+12
2.400000000000000000e+01,6.478923202711859131e+10,6.494730704017880249e+10,6.791922874853849792e+10,5.159533555594059448e+11,5.394377005467509766e+11,8.844381488842373657e+10,1.062347800761545868e+11,7.028631358640880127e+11,8.434421213526739502e+11,9.214253441390623474e+10,1.448235437376235657e+11,7.329654800109213867e+11,1.149286820108734863e+12
2.450000000000000000e+01,6.794985254663643646e+10,6.818657797517838287e+10,7.137360811911653137e+10,5.407620815114849243e+11,5.659013713191738281e+11,9.264838259549342346e+10,1.117179210419429626e+11,7.350294344393416748e+11,8.854426868806003418e+11,9.605315777203434753e+10,1.524363438038943787e+11,7.628057540274306641e+11,1.207591373796598145e+12
2.500000000000000000e+01,7.119611301707121277e+10,7.151527435168638611e+10,7.492812677015155029e+10,5.662003854497265625e+11,5.930733933219870605e+11,9.695478796180372620e+10,1.173657367191045532e+11,7.679019976780297852e+11,9.286110423991815186e+11,1.000278876978419800e+11,1.602877627590579529e+11,7.930647727609259033e+11,1.267593021689159424e+12
2.550000000000000000e+01,7.452855149605554199e+10,7.493391979775334167e+10,7.858361034466804504e+10,5.922698593013863525e+11,6.209573641244915771e+11,1.013629604812091064e+11,1.231798689840593567e+11,8.014775609145236816e+11,9.729552249157951660e+11,1.040653353916791992e+11,1.683806821273853760e+11,8.237302964918806152e+11,1.329307161256506836e+12
2.600000000000000000e+01,7.794769866554318237e+10,7.844302843571142578e+10,8.234087730055061340e+10,6.189720251468129883e+11,6.495568189199023438e+11,1.058728123801596375e+11,1.291619527875881500e+11,8.357527599264116211e+11,1.018483192946018799e+12,1.081641068852911530e+11,1.767179837176973877e+11,8.547901258835041504e+11,1.392749131342389160e+12
2.650000000000000000e+01,8.145407807464611816e+10,8.204310440192848206e+10,8.620073836012524414e+10,6.463083336701401367e+11,6.788752285484046631e+11,1.104842381566665192e+11,1.353136152404861145e+11,8.707241300921304932e+11,1.065202823003787476e+12,1.123228030435755310e+11,1.853025483244330750e+11,8.862321032627945557e+11,1.457934206842177979e+12
2.700000000000000000e+01,8.504820636998739624e+10,8.573464263646781921e+10,9.016399730496731567e+10,6.742801692793554688e+11,7.089160045904013672e+11,1.151971158094599304e+11,1.416364768407275696e+11,9.063881144064968262e+11,1.113121917352231934e+12,1.165400212172932739e+11,1.941372574126232300e+11,9.180441225009779053e+11,1.524877609078864502e+12
2.750000000000000000e+01,8.873059351443388367e+10,8.951812888310333252e+10,9.423145093618586731e+10,7.028888510191044922e+11,7.396825000192366943e+11,1.200113070087654877e+11,1.481321513742753601e+11,9.427410658376922607e+11,1.162248204704462158e+12,1.208143558280016785e+11,2.032249929581175232e+11,9.502141331326763916e+11,1.593594506385120605e+12
2.800000000000000000e+01,9.250174299499830627e+10,9.339403996514193726e+10,9.840388932810026550e+10,7.321356348908198242e+11,7.711780113563245850e+11,1.249266576299539185e+11,1.548022462845311890e+11,9.797792515173654785e+11,1.212589343330314941e+12,1.251443992900528870e+11,2.125686379433957520e+11,9.827301461253073730e+11,1.664100018060197266e+12
2.850000000000000000e+01,9.636215202063288879e+10,9.736284413788690186e+10,1.026820961651019440e+11,7.620217165188779297e+11,8.034057812081950684e+11,1.299429983824343872e+11,1.616483631765791931e+11,1.017498857338955322e+12,1.264152924789231689e+12,1.295287430013984680e+11,2.221710770451489563e+11,1.015580239874206421e+12,1.736409219228552734e+12
2.900000000000000000e+01,1.003123117105766296e+11,1.014250014355280151e+11,1.070668490748833771e+11,7.925482337157315674e+11,8.363690007128105469e+11,1.350601454238423157e+11,1.686720983186948242e+11,1.055895992368090576e+12,1.316946477539764648e+12,1.339659782942520752e+11,2.320351973232237549e+11,1.048752565837501221e+12,1.810537145561098389e+12
2.950000000000000000e+01,1.043527072738652344e+11,1.055809636783416595e+11,1.115589196009092102e+11,8.237162672934060059e+11,8.700708101283305664e+11,1.402779005233492126e+11,1.758750425677572937e+11,1.094966690909082397e+12,1.370977467588741455e+12,1.384546969357395020e+11,2.421638881034415283e+11,1.082235351788958008e+12,1.886498793863184326e+12
3.000000000000000000e+01,1.084838181805613556e+11,1.098311747884629822e+11,1.161590735046507721e+11,8.555268434086104736e+11,9.045143010653049316e+11,1.455960516268766479e+11,1.832587818235502014e+11,1.134706916553257812e+12,1.426253301781306885e+12,1.429934919953965454e+11,2.525600416041631775e+11,1.116016906836757812e+12,1.964309126383750000e+12
3.050000000000000000e+01,1.127061183252218628e+11,1.141760711121143494e+11,1.208680710767487946e+11,8.879809358799709473e+11,9.397025187037360840e+11,1.510143734241866760e+11,1.908248975000299072e+11,1.175112566142726318e+12,1.482781331085205078e+12,1.475809586911981506e+11,2.632265535912159424e+11,1.150085626205606445e+12,2.043983075146725586e+12
3.100000000000000000e+01,1.170200761830752106e+11,1.186160815220628662e+11,1.256866672145773926e+11,9.210794673787252197e+11,9.756384628168621826e+11,1.565326276245207520e+11,1.985749666231605530e+11,1.216179472226217285e+12,1.540568851972570068e+12,1.522156949427921143e+11,2.741663235095625305e+11,1.184429994469033691e+12,2.125535543624256104e+12
3.150000000000000000e+01,1.214261549593495331e+11,1.231516274418792114e+11,1.306156114164689789e+11,9.548233102188209229e+11,1.012325088372089844e+12,1.621505631287065125e+11,2.065105617951832275e+11,1.257903404970752197e+12,1.599623107128920410e+12,1.568963018155282593e+11,2.853822544271149292e+11,1.219038588174889893e+12,2.208981407471044434e+12
3.200000000000000000e+01,1.259248127321547546e+11,1.277831233919818268e+11,1.356556483363163147e+11,9.892132896690982666e+11,1.049765308844284790e+12,1.678679168739599304e+11,2.146332520617611389e+11,1.300280077311588623e+12,1.659951290536229980e+12,1.616213845713584595e+11,2.968772542556968994e+11,1.253900081357186279e+12,2.294335521451561523e+12
3.250000000000000000e+01,1.305165025892967834e+11,1.325109769622171631e+11,1.408075177251447449e+11,1.024250184416233032e+12,1.087961996487176636e+12,1.736844139296395569e+11,2.229446027948754883e+11,1.343305146367501221e+12,1.721560547677208252e+12,1.663895530058453369e+11,3.086542355856035767e+11,1.289003247456110596e+12,2.381612719502800781e+12
3.300000000000000000e+01,1.352016727593694305e+11,1.373355889295684357e+11,1.460719545285049438e+11,1.059934727729258911e+12,1.126917983361531006e+12,1.795997677796583252e+11,2.314461758265752563e+11,1.386974215746233398e+12,1.784457976961858643e+12,1.711994219470477295e+11,3.207161158745672607e+11,1.324336961978512695e+12,2.470827816529690918e+12
3.350000000000000000e+01,1.399807667374494934e+11,1.422573535254255676e+11,1.514496891456982727e+11,1.096267609313208618e+12,1.166636063112642822e+12,1.856136807938679199e+11,2.401395298450815430e+11,1.431282838707975098e+12,1.848650632372946777e+12,1.760496119114924011e+11,3.330658180106321411e+11,1.359890205837622559e+12,2.561995611943695801e+12
3.400000000000000000e+01,1.448542234056934204e+11,1.472766586601214600e+11,1.569414476446136475e+11,1.133249476915878906e+12,1.207118992493177734e+12,1.917258446393862305e+11,2.490262207212953796e+11,1.476226520975396484e+12,1.914145525714181396e+12,1.809387496874147339e+11,3.457062707799041748e+11,1.395652068256113037e+12,2.655130892660936523e+12
3.450000000000000000e+01,1.498224771491165161e+11,1.523938858147624207e+11,1.625479516184650574e+11,1.170880936349215088e+12,1.248369491183107910e+12,1.979359402636534119e+11,2.581078012566732788e+11,1.521800721491349365e+12,1.980949626111154785e+12,1.858654685202678223e+11,3.586404085126598511e+11,1.431611747735343750e+12,2.750248432205890137e+12
3.500000000000000000e+01,1.548859579668134460e+11,1.576094103729574585e+11,1.682699185174481812e+11,1.209162553565732422e+12,1.290390243831166992e+12,2.042436384380635986e+11,2.673858217001336060e+11,1.568000855784979492e+12,2.049069863112520020e+12,1.908284087903753662e+11,3.718711718241727905e+11,1.467758555289106689e+12,2.847362994944146484e+12
3.550000000000000000e+01,1.600450915788641968e+11,1.629236018646245728e+11,1.741080618872967224e+11,1.248094856279717529e+12,1.333183901616471924e+12,2.106486001836541138e+11,2.768618301164829102e+11,1.614822298719473877e+12,2.118513129028490234e+12,1.958262185665451050e+11,3.854015081481630859e+11,1.504081917012400391e+12,2.946489339253488281e+12
3.600000000000000000e+01,1.653002995291501770e+11,1.683368237412726440e+11,1.800630911015715027e+11,1.287678333402390381e+12,1.376753081451262207e+12,2.171504765995615234e+11,2.865373719342142944e+11,1.662260384442562012e+12,2.189286277450018799e+12,2.008575536203697205e+11,3.992343711004180298e+11,1.540571374099350830e+12,3.047642215256931641e+12
3.650000000000000000e+01,1.706519992842939758e+11,1.738494340353591919e+11,1.861357120515129395e+11,1.327913438541433350e+12,1.421100369588039307e+12,2.237489098102640076e+11,2.964139910482282715e+11,1.710310411471841064e+12,2.261396128921585938e+12,2.059210784150233459e+11,4.133727220637839355e+11,1.577216587313838623e+12,3.150836372777256348e+12
3.700000000000000000e+01,1.761006043289183350e+11,1.794617849600931091e+11,1.923266266893889160e+11,1.368800588599792236e+12,1.466228319927286133e+12,2.304435325673831787e+11,3.064932290620133057e+11,1.758967641546258545e+12,2.334849468019305664e+12,2.110154658984700623e+11,4.278195291171973877e+11,1.614007335896113525e+12,3.256086557030543945e+12
3.750000000000000000e+01,1.816465242574120483e+11,1.851742232610301514e+11,1.986365333864477539e+11,1.410340165822378174e+12,1.512139456063270996e+12,2.372339688019685669e+11,3.167766258530994873e+11,1.808227302828701904e+12,2.409653046502893555e+12,2.161393981221176453e+11,4.425777678560335693e+11,1.650933520230461426e+12,3.363407513002839355e+12
3.800000000000000000e+01,1.872901648623736877e+11,1.909870904476579895e+11,2.050661271625917358e+11,1.452532519248830078e+12,1.558836272696798828e+12,2.441198340195802612e+11,3.272657199324726562e+11,1.858084592323950439e+12,2.485813585453016113e+12,2.212915667049716797e+11,4.576504219221539917e+11,1.687985163729934814e+12,3.472813988400047852e+12
3.850000000000000000e+01,1.930319282198977051e+11,1.969007227266815186e+11,2.116160995923789978e+11,1.495377964808513916e+12,1.606321235577381348e+12,2.511007353185052185e+11,3.379620482773162842e+11,1.908534676572476074e+12,2.563337775019070801e+12,2.264706729626072083e+11,4.730404827795386353e+11,1.725152413169135986e+12,3.584320733180027832e+12
3.900000000000000000e+01,1.988722127718552246e+11,2.029154510803281555e+11,2.182871388686153259e+11,1.538876786069138184e+12,1.654596782157958984e+12,2.581762715895661926e+11,3.488671464202492676e+11,1.959572693154617188e+12,2.642232275329267090e+12,2.316754281857974854e+11,4.887509498574208984e+11,1.762425539667735840e+12,3.697942500753491211e+12
3.950000000000000000e+01,2.048114134053117981e+11,2.090316016071696167e+11,2.250799301532693787e+11,1.583029236119857422e+12,1.703665323493603516e+12,2.653460340398954468e+11,3.599825490094765015e+11,2.011193753586563721e+12,2.722503719441874512e+12,2.369045541815517578e+11,5.047848313740233765e+11,1.799794940783478516e+12,3.813694052138254395e+12
4.000000000000000000e+01,2.108499215292189941e+11,2.152494952000293884e+11,2.319951552054701233e+11,1.627835536523443604e+12,1.753529242946824951e+12,2.726096058894665833e+11,3.713097891874370728e+11,2.063392942549996582e+12,2.804158711081389648e+12,2.421567831059554443e+11,5.211451434585982666e+11,1.837251139448248535e+12,3.931590152608549316e+12
4.050000000000000000e+01,2.169881251485042419e+11,2.215694482245303650e+11,2.390334931029473877e+11,1.673295880640548096e+12,1.804190899671796143e+12,2.799665633088616943e+11,3.828503997593496094e+11,2.116165322538976807e+12,2.887203830197840820e+12,2.474308583316444702e+11,5.378349118565250854e+11,1.874784787408063477e+12,4.051645579633910645e+12
4.100000000000000000e+01,2.232264089356812439e+11,2.279917720155845947e+11,2.461956196722268066e+11,1.719410431775725098e+12,1.855652626445162354e+12,2.874164748883020630e+11,3.946059122484353638e+11,2.169505932063550537e+12,2.971645629278424316e+12,2.527255340746530151e+11,5.548571705852496338e+11,1.912386663202209473e+12,4.173875117483330566e+12
4.150000000000000000e+01,2.295651543000900269e+11,2.345167734891157532e+11,2.534822081391809082e+11,1.766179326160983643e+12,1.907916732791379883e+12,2.949589024857147827e+11,4.065778579512440796e+11,2.223409789829903320e+12,3.057490638336436035e+12,2.580395761634512939e+11,5.722149634811243896e+11,1.950047675083270996e+12,4.298293564370197266e+12
4.200000000000000000e+01,2.360047394548769531e+11,2.411447548225092773e+11,2.608939287604703064e+11,1.813602671899772705e+12,1.960985503690328613e+12,3.025934009222475586e+11,4.187677673223268433e+11,2.277871893912705078e+12,3.144745362662474121e+12,2.633717618423261108e+11,5.899113433308454590e+11,1.987758859725567871e+12,4.424915729140033203e+12
4.250000000000000000e+01,2.425455394818103027e+11,2.478760137961766357e+11,2.684314491799205933e+11,1.861680550744990234e+12,2.014861201393828125e+12,3.103195184912200317e+11,4.311771705492628174e+11,2.332887224408811523e+12,3.233416285681200684e+12,2.687208802390097046e+11,6.079493727274514160e+11,2.025511383766974121e+12,4.553756435355449219e+12
4.300000000000000000e+01,2.491879263940305786e+11,2.547108437920015564e+11,2.760954344093385620e+11,1.910413018388915527e+12,2.069546065615486328e+12,3.181367970422814941e+11,4.438075975118279419e+11,2.388450744241856445e+12,3.323509869143427734e+12,2.740857324733346558e+11,6.263321240356016846e+11,2.063296543776669678e+12,4.684830521531377930e+12
4.350000000000000000e+01,2.559322691968207092e+11,2.616495336363109436e+11,2.838865466377120361e+11,1.959800104111726562e+12,2.125042313014467773e+12,3.260447718764922485e+11,4.566605774575533447e+11,2.444557399180208984e+12,3.415032552153742188e+12,2.794651316099073486e+11,6.450626789426679688e+11,2.101105765562403809e+12,4.818152839673176758e+12
4.400000000000000000e+01,2.627789339464846497e+11,2.686923682281379700e+11,2.918054459060457153e+11,2.009841813700143799e+12,2.181352140285072998e+12,3.340429725959660034e+11,4.697376401052186279e+11,2.501202121824826172e+12,3.507990756146425781e+12,2.848579033699959717e+11,6.641441300905948486e+11,2.138930606627489502e+12,4.953738262482111328e+12
4.450000000000000000e+01,2.697282838074105530e+11,2.758396281081708984e+11,2.998527896161807251e+11,2.060538127910672119e+12,2.238477722344772949e+12,3.421309226604566650e+11,4.830403148273056030e+11,2.558379830150973145e+12,3.602390881790348633e+12,2.902628857945704956e+11,6.835795799128937988e+11,2.176762754197415527e+12,5.091601678825689453e+12
4.500000000000000000e+01,2.767806791073979492e+11,2.830915899859658203e+11,3.080292330960675049e+11,2.111889004938171387e+12,2.296421214938712402e+12,3.503081401080585327e+11,4.965701315748239746e+11,2.616085430911598633e+12,3.698239313177309570e+12,2.956789298335519409e+11,7.033721420100187988e+11,2.214594027109743164e+12,5.231757999817219727e+12
4.550000000000000000e+01,2.839364773913173828e+11,2.904485259756271973e+11,3.163354287387502441e+11,2.163894377534753662e+12,2.355184751339355957e+12,3.585741367117357178e+11,5.103286194459090576e+11,2.674313816553486816e+12,3.795542412260841797e+12,3.011048986896169434e+11,7.235249390850018311e+11,2.252416372525087891e+12,5.374222150671345703e+12
4.600000000000000000e+01,2.911960334731734619e+11,2.979107045516558838e+11,3.247720270429841309e+11,2.216554157194294434e+12,2.414770446857007324e+12,3.669284192134191895e+11,5.243173083992639771e+11,2.733059870664497070e+12,3.894306526209709961e+12,3.065396687961658325e+11,7.440411054763177490e+11,2.290221869347397949e+12,5.519009081433151367e+12
4.650000000000000000e+01,2.985596994866336060e+11,3.054783904473691406e+11,3.333396764867003174e+11,2.269868233965002441e+12,2.475180398527147949e+12,3.753704892752057495e+11,5.385377290395446167e+11,2.792318468109819824e+12,3.994537986798026367e+12,3.119821297697621460e+11,7.649237868762639160e+11,2.328002727388666016e+12,5.666133766089594727e+12
4.700000000000000000e+01,3.060278249340850220e+11,3.131518445504375610e+11,3.420390233964668579e+11,2.323836476263193848e+12,2.536416684797237793e+12,3.838998434287246094e+11,5.529914123949252930e+11,2.852084475171315918e+12,4.096243109791274902e+12,3.174311843603908081e+11,7.861761400357779541e+11,2.365751286526856934e+12,5.815611201668560547e+12
4.750000000000000000e+01,3.136007567342779541e+11,3.209313237956260986e+11,3.508707118130144653e+11,2.378458730688953125e+12,2.598481365213731445e+12,3.925159730228216553e+11,5.676798896869228516e+11,2.912352749690598633e+12,4.199428194329485840e+12,3.228857483997154541e+11,8.078013324557044678e+11,2.403460015857813965e+12,5.967456407327299805e+12
4.800000000000000000e+01,3.212788392686101074e+11,3.288170810686105347e+11,3.598353833682587891e+11,2.433734821898501953e+12,2.661376480170399414e+12,4.012183641860659180e+11,5.826046921181339111e+11,2.973118141280938965e+12,4.304099522409329590e+12,3.283447507598854980e+11,8.298025421022617188e+11,2.441121512890554199e+12,6.121684423580308594e+12
4.850000000000000000e+01,3.290624144261053467e+11,3.368093663507039185e+11,3.689336785455918579e+11,2.489664557347086914e+12,2.725104056086150879e+12,4.100064992592900391e+11,5.977673529646423340e+11,3.034375497305932129e+12,4.410263367410583008e+12,3.338071344177897949e+11,8.521829605231732178e+11,2.478728507077823242e+12,6.278310324868869141e+12
4.900000000000000000e+01,3.369518216471357422e+11,3.449084255031896973e+11,3.781662353123859863e+11,2.546247722713391113e+12,2.789666100212610840e+12,4.188798554214174194e+11,6.131694052942402344e+11,3.096119657768570312e+12,4.517925985368452148e+12,3.392718553807297363e+11,8.749457895169824219e+11,2.516273854883028809e+12,6.437349206714851562e+12
4.950000000000000000e+01,3.449473979659369507e+11,3.531145012052199097e+11,3.875336901517498779e+11,2.603484085782628418e+12,2.855064604864275879e+12,4.278379058713510132e+11,6.288123836813880615e+11,3.158345460239442871e+12,4.627093621937683594e+12,3.447378835452424927e+11,8.980942436985478516e+11,2.553750542444369141e+12,6.598816196014703125e+12
5.000000000000000000e+01,3.530494780519580078e+11,3.614278321752961426e+11,3.970366771792886353e+11,2.661373393639253906e+12,2.921301544187525879e+12,4.368801189784947510e+11,6.446978227277186279e+11,3.221047736858930176e+12,4.737772506916890625e+12,3.502042020240902100e+11,9.216315483438728027e+11,2.591151682251111328e+12,6.762726442961322266e+12
5.050000000000000000e+01,3.612583942500937500e+11,3.698486541138645020e+11,4.066758291830396729e+11,2.719915376519541016e+12,2.988378878370740234e+12,4.460059594617077026e+11,6.608272587944573975e+11,3.284221319187145996e+12,4.849968861196916992e+12,3.556698079823501587e+11,9.455609419886495361e+11,2.628470515661580566e+12,6.929095131346878906e+12
5.100000000000000000e+01,3.695744766198373413e+11,3.783771992479465942e+11,4.164517771019319458e+11,2.779109746238088867e+12,3.056298551796420898e+12,4.552148879185169067e+11,6.772022291280150146e+11,3.347861036643743652e+12,4.963688893600870117e+12,3.611337122371281128e+11,9.698856751706677246e+11,2.665700410609093750e+12,7.097937473921913086e+12
5.150000000000000000e+01,3.779980529733936768e+11,3.870136963450548706e+11,4.263651500277794189e+11,2.838956196446919434e+12,3.125062493238496094e+12,4.645063609090640869e+11,6.938242718584877930e+11,3.411961717110432129e+12,5.078938801134321289e+12,3.665949392708247681e+11,9.946090104614982910e+11,2.702834860919336426e+12,7.269268712790930664e+12
5.200000000000000000e+01,3.865294489127910767e+11,3.957583710351410522e+11,4.364165755536904907e+11,2.899454404048024902e+12,3.194672617357751953e+12,4.738798313972062988e+11,7.106949265798679199e+11,3.476518188867011719e+12,5.195724771415882812e+12,3.720525274981291504e+11,1.019734223365105347e+12,2.739867486573328125e+12,7.443104123057775391e+12
5.250000000000000000e+01,3.951689878660268555e+11,4.046114456143656006e+11,4.466066795414649048e+11,2.960604028632332031e+12,3.265130823986094727e+12,4.833347485853191528e+11,7.278157339569844971e+11,3.541525280213140137e+12,5.314052981406617188e+12,3.775055290858341064e+11,1.045264601770660400e+12,2.776792032259668457e+12,7.619459010977510742e+12
5.300000000000000000e+01,4.039169911222807007e+11,4.135731392162085571e+11,4.569360863014470825e+11,3.022404713306388184e+12,3.336438998969652344e+12,4.928705581767797241e+11,7.451882360240914307e+11,3.606977820702537598e+12,5.433929598753590820e+12,3.829530100802188110e+11,1.071203446434316895e+12,2.813602367086423340e+12,7.798348715996940430e+12
5.350000000000000000e+01,4.127737778662296753e+11,4.226436678139076538e+11,4.674054185832790527e+11,3.084856084876100586e+12,3.408599014292327148e+12,5.024867024407354736e+11,7.628139761666975098e+11,3.672870641619396484e+12,5.555360781929816406e+12,3.883940503864775391e+11,1.097554070990558594e+12,2.850292483724553223e+12,7.979788611010230469e+12
5.400000000000000000e+01,4.217396652114933472e+11,4.318232444016022949e+11,4.780152977684440918e+11,3.147957754684230957e+12,3.481612728938410156e+12,5.121826204819285278e+11,7.806944994434039307e+11,3.739198577201466309e+12,5.678352681620108398e+12,3.938277438896314087e+11,1.124319802472455566e+12,2.886856498066145996e+12,8.163794104479803711e+12
5.450000000000000000e+01,4.308149682332432251e+11,4.411120787066044312e+11,4.887663435338444214e+11,3.211709317720712891e+12,3.555481987808259766e+12,5.219577479697680054e+11,7.988313520168684082e+11,3.805956463866488770e+12,5.802911438830574219e+12,3.992531981894979248e+11,1.151503980499577637e+12,2.923288647455229004e+12,8.350380637661687500e+12
5.500000000000000000e+01,4.400000000000000000e+11,4.505103777148315430e+11,4.996591744337996826e+11,3.276110354711585449e+12,3.630208623998187988e+12,5.318115178015765991e+11,8.172260821329388428e+11,3.873139142858534668e+12,5.929043188667626953e+12,4.046695349904958496e+11,1.179109958784201416e+12,2.959583291318983398e+12,8.539563690317332031e+12
5.550000000000000000e+01,4.491984220739092407e+11,4.600117883841038818e+11,5.106869749597962036e+11,3.341125683231372559e+12,3.705755081710044922e+12,5.417358879162369995e+11,8.358676706917443848e+11,3.940701842858629395e+12,6.056687503790868164e+12,4.100707314462995605e+11,1.207122208588094238e+12,2.995707520304067871e+12,8.731258780493111328e+12
5.600000000000000000e+01,4.584600647835880127e+11,4.695793232997806396e+11,5.218081422803204956e+11,3.406558154855392090e+12,3.781899933975541504e+12,5.516880687453889160e+11,8.546861927204716797e+11,4.008416003967884277e+12,6.185472750787107422e+12,4.154270408625079956e+11,1.235436497156295166e+12,3.031502793084013184e+12,8.924913066685009766e+12
5.650000000000000000e+01,4.677844994898431396e+11,4.792066069123898315e+11,5.330156766451952515e+11,3.472373453371444336e+12,3.858605760728702637e+12,5.616604010082145996e+11,8.736701150365068359e+11,4.076240030292201660e+12,6.315337659729486328e+12,4.207333608589203491e+11,1.264036145003126221e+12,3.066941916168072754e+12,9.120438806541990234e+12
5.700000000000000000e+01,4.771713061557467041e+11,4.888930804760191650e+11,5.443091635899014282e+11,3.538568137468351562e+12,3.935870083740556641e+12,5.716518779016126709e+11,8.928190308305401611e+11,4.144167661305001953e+12,6.446279968981353516e+12,4.259892230222435303e+11,1.292921183551244141e+12,3.102022357260454102e+12,9.317836832509005859e+12
5.750000000000000000e+01,4.866200730626969604e+11,4.986381955503272095e+11,5.556881985945321045e+11,3.605138825477885254e+12,4.013690481717963867e+12,5.816615118512351074e+11,9.121325488647327881e+11,4.212192751294270996e+12,6.578297505667075195e+12,4.311941874044270020e+11,1.322091667288954590e+12,3.136741756721127441e+12,9.517108109513980469e+12
5.800000000000000000e+01,4.961303965394282837e+11,5.084414136614406738e+11,5.671523867445363770e+11,3.672082193520727539e+12,4.092064588466994629e+12,5.916883339723153076e+11,9.316102929458487549e+11,4.280309266347106445e+12,6.711388182848152344e+12,4.363478416217001953e+11,1.351547673062662842e+12,3.171097922235935547e+12,9.718253731232935547e+12
5.850000000000000000e+01,5.057018807032226562e+11,5.183022059784306030e+11,5.787013424073542480e+11,3.739394973733027832e+12,4.170990091137726074e+12,6.017313935537950439e+11,9.512519014235140381e+11,4.348511281457059570e+12,6.845549996826765625e+12,4.414497999860333252e+11,1.381289299404181396e+12,3.205088823667085449e+12,9.921274916529953125e+12
5.900000000000000000e+01,5.153341372126247559e+11,5.282200530044564209e+11,5.903346889240095215e+11,3.807073952569052734e+12,4.250464728545933105e+12,6.117897575644141846e+11,9.710570267120954590e+11,4.416792977747622070e+12,6.980781024569664062e+12,4.464997026674146729e+11,1.411316665890791748e+12,3.238712588075675781e+12,1.012617300606199023e+13
5.950000000000000000e+01,5.250267850310115967e+11,5.381944442817272949e+11,6.020520583147761230e+11,3.875115969175790039e+12,4.330486289567371582e+12,6.218625101795372314e+11,9.910253348347960205e+11,4.485148639805668945e+12,7.117079421245526367e+12,4.514972148854265747e+11,1.441629912536079590e+12,3.271967494908310059e+12,1.033294945903914844e+13
6.000000000000000000e+01,5.347794502004100952e+11,5.482248781094996948e+11,6.138530909981145020e+11,3.943517913835630371e+12,4.411052611600709961e+12,6.319487523275661621e+11,1.011156504988686523e+12,4.553572653119169922e+12,7.254443417869628906e+12,4.564420261287159424e+11,1.472229199209750977e+12,3.304851971340449219e+12,1.054160585013177344e+13
6.050000000000000000e+01,5.445917656250017700e+11,5.583108612743747559e+11,6.257374355221175537e+11,4.012276726473463379e+12,4.492161579095392578e+12,6.420476012548702393e+11,1.031450229129442017e+12,4.622059501613661133e+12,7.392871319049845703e+12,4.613338494010325317e+11,1.503114705084706299e+12,3.337364587769491699e+12,1.075214386651620508e+13
6.100000000000000000e+01,5.544633708637836914e+11,5.684519087922078857e+11,6.377047483077613525e+11,4.081389395224829102e+12,4.573811122140947266e+12,6.521581901082349854e+11,1.051906211574685791e+12,4.690603765282521484e+12,7.532361500828587891e+12,4.661724204925965576e+11,1.534286628109839600e+12,3.369504053451087891e+12,1.096456530505161133e+13
6.150000000000000000e+01,5.643939119318959961e+11,5.786475436610045166e+11,6.497546934033065186e+11,4.150852955061899902e+12,4.655999215114518555e+12,6.622796675338962402e+11,1.072524168624883667e+12,4.759200117906222656e+12,7.672912408615564453e+12,4.709574972756363525e+11,1.565745184507055176e+12,3.401269212272444336e+12,1.117887206958084180e+13
6.200000000000000000e+01,5.743830411101567383e+11,5.888972966241933594e+11,6.618869422492366943e+11,4.220664486474354004e+12,4.738723875383566406e+12,6.724111972922825928e+11,1.093303828200805420e+12,4.827843324856161133e+12,7.814522555206448242e+12,4.756888590229948730e+11,1.597490608291182373e+12,3.432659038656888672e+12,1.139506616834865039e+13
6.250000000000000000e+01,5.844304167623695068e+11,5.992007059437342529e+11,6.741011734531654053e+11,4.290821114202320312e+12,4.821983162060889648e+12,6.825519578876584473e+11,1.114244929496665771e+12,4.896528240978875977e+12,7.957190518883147461e+12,4.803663057487901611e+11,1.629523150811478516e+12,3.463672633594152832e+12,1.161314971153112109e+13
6.300000000000000000e+01,5.945357031600051270e+11,6.095573171825236816e+11,6.863970725741666260e+11,4.361320006018775391e+12,4.905775174809309570e+12,6.927011422118937988e+11,1.135347222648067871e+12,4.965249808556729492e+12,8.100914941591312500e+12,4.849896575701526489e+11,1.661843080313571045e+12,3.494309220791231934e+12,1.183312490887049805e+13
6.350000000000000000e+01,6.046985703138741455e+11,6.199666829956347656e+11,6.987743319160445557e+11,4.432158371558950195e+12,4.990098052693494141e+12,7.028579572016518555e+11,1.156610468413976562e+12,5.034003055341337891e+12,8.245694527191207031e+12,4.895587540891412354e+11,1.694450681520694092e+12,3.524568142938929688e+12,1.205499406740993750e+13
6.400000000000000000e+01,6.149186938124421387e+11,6.304283629299138184e+11,7.112326503290615234e+11,4.503333461194393555e+12,5.074949973076569336e+12,7.130216235083128662e+11,1.178034437871970703e+12,5.102783092656315430e+12,8.391528039778262695e+12,4.940734537939682007e+11,1.727346255233218506e+12,3.554448858089458984e+12,1.227875958932313867e+13
6.450000000000000000e+01,6.251957546664478760e+11,6.409419232315107422e+11,7.237717330196920166e+11,4.574842564949545898e+12,5.160329150559348633e+12,7.231913751800146484e+11,1.199618912126073730e+12,5.171585113566034180e+12,8.538414302069787109e+12,4.985336334787388916e+11,1.760530117945475342e+12,3.583950936140747070e+12,1.250442396983400781e+13
6.500000000000000000e+01,6.355294391595158691e+11,6.515069366609616699e+11,7.363912913679908447e+11,4.646683011458810547e+12,5.246233835960000000e+12,7.333664593552053223e+11,1.221363682026521484e+12,5.240404391107333984e+12,8.686352193854531250e+12,5.029391876809305420e+11,1.794002601478996338e+12,3.613074055423278320e+12,1.273198979522194141e+13
6.550000000000000000e+01,6.459194387044691162e+11,6.621229823154140625e+11,7.490910427521898193e+11,4.718852166962070312e+12,5.332662315332319336e+12,7.435461359671586914e+11,1.243268547900843750e+12,5.309236276581256836e+12,8.835340650502179688e+12,5.072900281359002075e+11,1.827764052631291992e+12,3.641817999385602051e+12,1.296145974090838867e+13
6.600000000000000000e+01,6.563654497050628662e+11,6.727896454576696777e+11,7.618707103801571045e+11,4.791347434336995117e+12,5.419612909020681641e+12,7.537296774589254150e+11,1.265333319295697266e+12,5.378076197902085938e+12,8.985378661529691406e+12,5.115860832477344971e+11,1.861814832839399658e+12,3.670182653374749512e+12,1.319283656962084570e+13
6.650000000000000000e+01,6.668671734228834229e+11,6.835065173516990967e+11,7.747300231273879395e+11,4.864166252166312500e+12,5.507083970749942383e+12,7.639163685082226562e+11,1.287557814728903809e+12,5.446919658001083984e+12,9.136465269221927734e+12,5.158272975757967529e+11,1.896155317857421631e+12,3.698168001508030273e+12,1.342612312963046094e+13
6.700000000000000000e+01,6.774243158491607666e+11,6.942731951043154297e+11,7.876687153811978760e+11,4.937306093838453125e+12,5.595073886748684570e+12,7.741055057618061523e+11,1.309941861451193604e+12,5.515762233282503906e+12,9.288599567303837891e+12,5.200136313363685303e+11,1.930785897447386475e+12,3.725774123632928223e+12,1.366132235305969727e+13
6.750000000000000000e+01,6.880365875812711182e+11,7.050892815127143555e+11,8.006865268908214111e+11,5.010764466680064453e+12,5.683581074904242188e+12,7.842963975788714600e+11,1.332485295217168945e+12,5.584599572129531250e+12,9.441780699661958984e+12,5.241450599187957764e+11,1.965706975082744873e+12,3.753001192371820801e+12,1.389843725425687109e+13
6.800000000000000000e+01,6.987037037037037354e+11,7.159543849176112061e+11,8.137832026231322021e+11,5.084538911118973633e+12,5.772603983948023438e+12,7.944883637830877686e+11,1.355187960065053223e+12,5.653427393458015625e+12,9.596007859112777344e+12,5.282215734156060791e+11,2.000918967663897949e+12,3.779849470248583984e+12,1.413747092823430469e+13
6.850000000000000000e+01,7.094253836732937012e+11,7.268681190616921387e+11,8.269584926237197266e+11,5.158626999876115234e+12,5.862141092669835938e+12,8.046807354228605957e+11,1.378049708104789795e+12,5.722241485315867188e+12,9.751280286215916016e+12,5.322431761660643921e+11,2.036422305245156494e+12,3.806319306894159668e+12,1.437842654916714453e+13
6.900000000000000000e+01,7.202013512085206299e+11,7.378301029531594238e+11,8.402121518830684814e+11,5.233026337185333984e+12,5.952190909159788086e+12,8.148728545394624023e+11,1.401070399314105713e+12,5.791037703526212891e+12,9.907597268130048828e+12,5.362098863126813965e+11,2.072217430772614258e+12,3.832411136328358398e+12,1.462130736895021094e+13
6.950000000000000000e+01,7.310313341826923828e+11,7.488399607341145020e+11,8.535439402076013184e+11,5.307734558039653320e+12,6.042751970076639648e+12,8.250640739426729736e+11,1.424249901342156494e+12,5.859811970372426758e+12,1.006495813750963086e+13,5.401217353702026978e+11,2.108304799832376465e+12,3.858125474315304688e+12,1.486611671581002344e+13
7.000000000000000000e+01,7.419150645208405762e+11,7.598973215535759277e+11,8.669536220953686523e+11,5.382749327462965820e+12,6.133822839941390625e+12,8.352537569936170654e+11,1.447588089320409668e+12,5.928560273323281250e+12,1.022336227144063672e+13,5.439787678066373901e+11,2.144684880408682129e+12,3.883462915790031738e+12,1.511285799296968945e+13
7.050000000000000000e+01,7.528522781001619873e+11,7.710018194449160156e+11,8.804409666161614990e+11,5.458068339806023438e+12,6.225402110454994141e+12,8.454412773944644775e+11,1.471084845680414307e+12,5.997278663796533203e+12,1.038280909041356250e+13,5.477810406358942871e+11,2.181358152651456055e+12,3.908424132353858887e+12,1.536153467736419922e+13
7.100000000000000000e+01,7.638427146538525391e+11,7.821530932075156250e+11,8.940057472958647461e+11,5.533689318065696289e+12,6.317488399839202148e+12,8.556260189847203369e+11,1.494740059978165527e+12,6.065963255959411133e+12,1.054329805733204688e+13,5.515286230216291504e+11,2.218325108652852051e+12,3.933009869836282227e+12,1.561215031840403125e+13
7.150000000000000000e+01,7.748861176781851807e+11,7.933507862924682617e+11,9.076477420048393555e+11,5.609610013226502930e+12,6.410080352199494141e+12,8.658073755438059082e+11,1.518553628724750244e+12,6.134610225564444336e+12,1.070482867655564062e+13,5.552215958919173584e+11,2.255586252232380371e+12,3.957220945921225098e+12,1.586470853678473242e+13
7.200000000000000000e+01,7.859822343426929932e+11,8.045945466921311035e+11,9.213667328501788330e+11,5.685828203623493164e+12,6.503176636909171875e+12,8.759847505996784668e+11,1.542525455222998291e+12,6.203215808819232422e+12,1.086740049297514844e+13,5.588600515643814697e+11,2.293142098730224609e+12,3.981058247835602539e+12,1.611921302334070703e+13
7.250000000000000000e+01,7.971308154033247070e+11,8.158840268333839111e+11,9.351625060716500244e+11,5.762341694325583984e+12,6.596775948013745117e+12,8.861575572432337646e+11,1.566655449409871338e+12,6.271776301288784180e+12,1.103101309111926172e+13,5.624440933814293213e+11,2.330993174808395508e+12,4.004522730098191895e+12,1.637566753794128320e+13
7.300000000000000000e+01,8.083316151184488525e+11,8.272188834744183350e+11,9.490348519411722412e+11,5.839148316538553711e+12,6.690877003654728516e+12,8.963252179482510986e+11,1.590943527704333984e+12,6.340288056829200195e+12,1.119566609429108789e+13,5.659738353552685547e+11,2.369140018259358887e+12,4.027615412326990723e+12,1.663407590842702539e+13
7.350000000000000000e+01,8.195843911675854492e+11,8.385987776049160156e+11,9.629835646656744385e+11,5.916245927026823242e+12,6.785478545512081055e+12,9.064871643966573486e+11,1.615389612860481689e+12,6.408747486551326172e+12,1.136135916373334766e+13,5.694494018223753662e+11,2.407583177821815918e+12,4.050337377103137207e+12,1.689444202958499414e+13
7.400000000000000000e+01,8.308889045727547607e+11,8.500233743494710693e+11,9.770084422931917725e+11,5.993632407553312500e+12,6.880579338264541992e+12,9.166428373088895264e+11,1.639993633825685059e+12,6.477151057813366211e+12,1.152809199782106641e+13,5.728709271071162109e+11,2.446323213003336426e+12,4.072689767889824707e+12,1.715676986216098633e+13
7.450000000000000000e+01,8.422449196223325195e+11,8.614923428741245117e+11,9.911092866220596924e+11,6.071305664336672852e+12,6.976178169067017578e+12,9.267916862791632080e+11,1.664755525603534180e+12,6.545495293241267578e+12,1.169586433128064648e+13,5.762385551942341309e+11,2.485360693909532227e+12,4.094673787004418457e+12,1.742106343190738672e+13
7.500000000000000000e+01,8.536522037973140869e+11,8.730053562958790283e+11,1.005285903113080200e+12,6.149263627525118164e+12,7.072273847044524414e+12,9.369331696154364014e+11,1.689675229121403809e+12,6.613776769775808594e+12,1.186467593443416602e+13,5.795524394099141846e+11,2.524696201079503418e+12,4.116290693642245605e+12,1.768732682866522266e+13
7.550000000000000000e+01,8.651105276998853760e+11,8.845620915950748291e+11,1.019538100804536255e+12,6.227504250686330078e+12,7.168865202801858398e+12,9.470667541838984375e+11,1.714752691102407227e+12,6.681992117745404297e+12,1.203452661246801758e+13,5.828127421111711426e+11,2.564330325327290039e+12,4.137541801950565918e+12,1.795556420547884766e+13
7.600000000000000000e+01,8.766196649842149658e+11,8.961622295305137939e+11,1.033865692229935181e+12,6.306025510312684570e+12,7.265951087948450195e+12,9.571919152577932129e+11,1.739987863941601318e+12,6.750138019963634766e+12,1.220541620472476953e+13,5.860196343832984619e+11,2.604263667589065918e+12,4.158428479151184082e+12,1.822577977774211719e+13
7.650000000000000000e+01,8.881793922893714600e+11,9.078054545572115479e+11,1.048268493338374390e+12,6.384825405341296875e+12,7.363530374637804688e+12,9.673081363704324951e+11,1.765380705586223877e+12,6.818211210850685547e+12,1.237734458401745117e+13,5.891732957451315918e+11,2.644496838775875000e+12,4.178952143710352539e+12,1.849797782237477734e+13
7.700000000000000000e+01,8.997894891742913818e+11,9.194914547466875000e+11,1.062746323417414917e+12,6.463901956688292969e+12,7.461601955120965820e+12,9.774149091722059326e+11,1.790931179419833740e+12,6.886208475577611328e+12,1.255031165596530469e+13,5.922739138619038086e+11,2.685030459631620117e+12,4.199114263554658691e+12,1.877216267702772266e+13
7.750000000000000000e+01,9.114497380547102051e+11,9.312199217096800537e+11,1.077299005018377808e+12,6.543253206796745117e+12,7.560164741313406250e+12,9.875117332914715576e+11,1.816639254150171387e+12,6.954126649232820312e+12,1.272431735835018555e+13,5.953216842654523926e+11,2.725865160596162109e+12,4.218916354331471680e+12,1.904833873931626953e+13
7.800000000000000000e+01,9.231599241419864502e+11,9.429905505212012939e+11,1.091926363883946167e+12,6.622877219197795898e+12,7.659217664374888672e+12,9.975981161991516113e+11,1.842504903700610840e+12,7.021962616009839844e+12,1.289936166049283984e+13,5.983168100815770264e+11,2.767001581673258789e+12,4.238359977712851074e+12,1.932651046608005859e+13
7.850000000000000000e+01,9.349198353837424316e+11,9.548030396478363037e+11,1.106628228878008057e+12,6.702772078084443359e+12,7.758759674301831055e+12,1.007673573076921997e+12,1.868528107105037354e+12,7.089713308415605469e+12,1.307544456264825586e+13,6.012595017643311768e+11,2.808440372303194824e+12,4.257446739741627930e+12,1.960668237266878906e+13
7.900000000000000000e+01,9.467292624062573242e+11,9.666570908772005615e+11,1.121404431917623779e+12,6.782935887897540039e+12,7.858789739531607422e+12,1.017737626688836060e+12,1.894708848406040039e+12,7.157375706498623047e+12,1.325256609541939062e+13,6.041499768370522461e+11,2.850182191239894043e+12,4.276178289218528320e+12,1.988885903225269141e+13
7.950000000000000000e+01,9.585879984585408936e+11,9.785524092494781494e+11,1.136254807907062988e+12,6.863366772923579102e+12,7.959306846558429688e+12,1.027789807256282227e+12,1.921047116556275879e+12,7.224946837096203125e+12,1.343072631918858984e+13,6.069884596399406738e+11,2.892227706432351562e+12,4.294556316129223145e+12,2.017304507515676172e+13
8.000000000000000000e+01,9.704958393580305176e+11,9.904887029909554443e+11,1.151179194673812744e+12,6.944062876903770508e+12,8.060309999560361328e+12,1.037829652336138550e+12,1.947542905322877441e+12,7.292423773100213867e+12,1.360992532356598828e+13,6.097751810840029297e+11,2.934577594910209473e+12,4.312582550110278809e+12,2.045924518821808984e+13
8.050000000000000000e+01,9.824525834378491211e+11,1.002465683449481689e+12,1.166177432906492188e+12,7.025022362654081055e+12,8.161798220037007812e+12,1.047856706702013062e+12,1.974196213194800049e+12,7.359803632740579102e+12,1.379016322685432031e+13,6.125103784111794434e+11,2.977232542673312012e+12,4.330258758952881836e+12,2.074746411416513281e+13
8.100000000000000000e+01,9.944580314955657959e+11,1.014483065031785034e+12,1.181249366094594727e+12,7.106243411695795898e+12,8.263770546457550781e+12,1.057870522228468872e+12,2.001007043292998535e+12,7.427083578886029297e+12,1.397144017552952344e+13,6.151942949604909668e+11,3.020193244585095215e+12,4.347586747143449707e+12,2.103770665101827734e+13
8.150000000000000000e+01,1.006511986743407715e+12,1.026540565142565308e+12,1.196394840470000488e+12,7.187724223896216797e+12,8.366226033918763672e+12,1.067870657778113281e+12,2.027975403283298828e+12,7.494260818361495117e+12,1.415375634373648438e+13,6.178271799400383301e+11,3.063460404269683594e+12,4.364568354440107422e+12,2.132997765151098438e+13
8.200000000000000000e+01,1.018614254759867432e+12,1.038637904125320190e+12,1.211613704950177734e+12,7.269463017119216797e+12,8.469163753812553711e+12,1.077856679091464478e+12,2.055101305291906738e+12,7.561332601281473633e+12,1.433711193279950781e+13,6.204092882046953125e+11,3.107034734012505371e+12,4.381205454484106934e+12,2.162428202253060156e+13
8.250000000000000000e+01,1.030764643442656982e+12,1.050774805204814209e+12,1.226905811083026123e+12,7.351458026885210938e+12,8.572582793502806641e+12,1.087828158679493408e+12,2.082384765823411377e+12,7.628296220399027344e+12,1.452150717074688867e+13,6.229408800393482666e+11,3.150916954664348633e+12,4.397499953445313965e+12,2.192062472457818750e+13
8.300000000000000000e+01,1.042962962962962891e+12,1.062950994431158691e+12,1.242271012993291260e+12,7.433707506040278320e+12,8.676482256011154297e+12,1.097784675718748291e+12,2.109825805681231201e+12,7.695149010469711914e+12,1.470694231184910156e+13,6.254222209475263672e+11,3.195107795548706543e+12,4.413453788700871094e+12,2.221901077124692969e+13
8.350000000000000000e+01,1.055209025720952881e+12,1.075166200625427856e+12,1.257709167330502441e+12,7.516209724434092773e+12,8.780861259711357422e+12,1.107725815948977051e+12,2.137424449890377930e+12,7.761888347630057617e+12,1.489341763617009766e+13,6.278535814452923584e+11,3.239607994372279297e+12,4.429068927546257812e+12,2.251944522871795703e+13
8.400000000000000000e+01,1.067502646302493042e+12,1.087420155326760376e+12,1.273220133218367432e+12,7.598962968606379883e+12,8.885718938031962891e+12,1.117651171573160156e+12,2.165180727622480469e+12,7.828511648790046875e+12,1.508093344913137305e+13,6.302352368602465820e+11,3.284418297138544434e+12,4.444347365937859375e+12,2.282193321527346875e+13
8.450000000000000000e+01,1.079843641437031860e+12,1.099712592740900879e+12,1.288803772205588623e+12,7.681965541481624023e+12,8.991054439167056641e+12,1.127560341159878662e+12,2.193094672122978516e+12,7.895016371039264648e+12,1.526949008108818750e+13,6.325674671355212402e+11,3.329539458064277344e+12,4.459291127266330078e+12,2.312647990082635547e+13
8.500000000000000000e+01,1.092231829956612549e+12,1.112043249690122070e+12,1.304459948218030762e+12,7.765215762071659180e+12,9.096866925794714844e+12,1.137452929547926514e+12,2.221166320640394531e+12,7.961400011066087891e+12,1.545908788691761133e+13,6.348505566386290283e+11,3.374972239498890625e+12,4.473902261159971680e+12,2.343309050646558984e+13
8.550000000000000000e+01,1.104667032755973877e+12,1.124411865564489502e+12,1.320188527512213379e+12,7.848711965186048828e+12,9.203155574803000000e+12,1.147328547753114014e+12,2.249395714357642578e+12,8.027660104589685547e+12,1.564972724561801953e+13,6.370847939750502930e+11,3.420717411846541016e+12,4.488182842317382812e+12,2.374177030401733203e+13
8.600000000000000000e+01,1.117149072753702881e+12,1.136818182274410645e+12,1.335989378630058105e+12,7.932452501149802734e+12,9.309919577023117188e+12,1.157186812877170898e+12,2.277782898325263672e+12,8.093794225804326172e+12,1.584140855991958203e+13,6.392704718064351807e+11,3.466775753490862793e+12,4.502134969368690430e+12,2.405252461562054297e+13
8.650000000000000000e+01,1.129677774854405029e+12,1.149261944204442383e+12,1.351862372354880127e+12,8.016435735528351562e+12,9.417158136969640625e+12,1.167027348018692627e+12,2.306327921396553223e+12,8.159799986835611328e+12,1.603413225590537500e+13,6.414078866733059082e+11,3.513148050722248535e+12,4.515760763764677734e+12,2.436535881331722656e+13
8.700000000000000000e+01,1.142252965911855469e+12,1.161742898168293213e+12,1.367807381668541260e+12,8.100660048859423828e+12,9.524870472587484375e+12,1.176849782186060791e+12,2.335030836164490234e+12,8.225675037208293945e+12,1.622789878264282227e+13,6.434973388221519775e+11,3.559835097667620117e+12,4.529062368693115234e+12,2.468027831865646484e+13
8.750000000000000000e+01,1.154874474693101807e+12,1.174260793365001465e+12,1.383824281709760986e+12,8.185123836391711914e+12,9.633055815005390625e+12,1.186653750212276611e+12,2.363891698900428711e+12,8.291417063325325195e+12,1.642270861182507617e+13,6.455391320368009033e+11,3.606837696222546875e+12,4.542041948021682617e+12,2.499728860231190234e+13
8.800000000000000000e+01,1.167542131843484863e+12,1.186815381336230469e+12,1.399912949733521240e+12,8.269825507829969727e+12,9.741713408295750000e+12,1.196438892671636963e+12,2.392910569494466309e+12,8.357023787957726562e+12,1.661856223742197656e+13,6.475335734739739990e+11,3.654156655985686035e+12,4.554701685266852539e+12,2.531639518371221094e+13
8.850000000000000000e+01,1.180255769852549072e+12,1.199406415924663330e+12,1.416073265071546387e+12,8.354763487086520508e+12,9.850842509240578125e+12,1.206204855798218750e+12,2.422087511397457520e+12,8.422492969745046875e+12,1.681546017534034375e+13,6.494809735029102783e+11,3.701792794195427246e+12,4.567043782588096680e+12,2.563760363068419922e+13
8.900000000000000000e+01,1.193015223020811523e+12,1.212033653233442627e+12,1.432305109093808838e+12,8.439936212038754883e+12,9.960442387103384766e+12,1.215951291406083740e+12,2.451422591564600098e+12,8.487822402706027344e+12,1.701340296309326172e+13,6.513816455489730225e+11,3.749746935668708496e+12,4.579070459806870117e+12,2.596091955910799609e+13
8.950000000000000000e+01,1.205820327427364746e+12,1.224696851586638672e+12,1.448608365171030273e+12,8.525342134292625977e+12,1.007051232340675977e+13,1.225677856811176514e+12,2.480915880400547363e+12,8.553009915759166992e+12,1.721239115947807422e+13,6.532359059411387939e+11,3.798019912741874023e+12,4.590783953449763672e+12,2.628634863258404688e+13
9.000000000000000000e+01,1.218670920898284424e+12,1.237395771490701172e+12,1.464982918638155518e+12,8.610979718951871094e+12,1.018105161171555469e+13,1.235384214754855957e+12,2.510567451705990723e+12,8.618053372252949219e+12,1.741242534426276758e+13,6.550440737632718506e+11,3.846612565213569824e+12,4.602186515815291016e+12,2.661389656211151172e+13
9.050000000000000000e+01,1.231566842975817139e+12,1.250130175596861328e+12,1.481428656758750732e+12,8.696847444392688477e+12,1.029205955742541211e+13,1.245070033328998047e+12,2.540377382625679688e+12,8.682950669505362305e+12,1.761350611788057031e+13,6.568064707091066895e+11,3.895525740289562012e+12,4.613280414063788086e+12,2.694356910577775391e+13
9.100000000000000000e+01,1.244507934888323730e+12,1.262899828664469482e+12,1.497945468690308350e+12,8.782943802043938477e+12,1.040353547755648828e+13,1.254734985902646484e+12,2.570345753597812500e+12,8.747699738352514648e+12,1.781563410113238672e+13,6.585234209408386230e+11,3.944760292529453613e+12,4.624067929329821289e+12,2.727537206845848047e+13
9.150000000000000000e+01,1.257494039520954102e+12,1.275704497525222656e+12,1.514533245450427979e+12,8.869267296172447266e+12,1.051547870055228125e+13,1.264378751050140625e+12,2.600472648304759277e+12,8.812298542706041016e+12,1.801880993489692578e+13,6.601952509512476807e+11,3.994317083795197754e+12,4.634551355856711914e+12,2.760931130152828516e+13
9.200000000000000000e+01,1.270525001387032959e+12,1.288543951048256592e+12,1.531191879883838379e+12,8.955816443673410156e+12,1.062788856608325781e+13,1.274001012480698242e+12,2.630758153625090820e+12,8.876745079119082031e+12,1.822303427984822656e+13,6.618222894292677002e+11,4.044196983201384277e+12,4.644733000152586914e+12,2.794539270258113281e+13
9.250000000000000000e+01,1.283600666600129395e+12,1.301417960106089355e+12,1.547921266630241699e+12,9.042589773865699219e+12,1.074076442485528906e+13,1.283601458969390625e+12,2.661202359586836426e+12,8.941037376360552734e+12,1.842830781618026953e+13,6.634048671289261475e+11,4.094400867067241699e+12,4.654615180167491211e+12,2.828362221516080859e+13
9.300000000000000000e+01,1.296720882846795898e+12,1.314326297541372070e+12,1.564721302092949463e+12,9.129585828291923828e+12,1.085410563842264453e+13,1.293179784289483154e+12,2.691805359321969727e+12,9.005173494997451172e+12,1.863463124333878516e+13,6.649433167415714111e+11,4.144929618870269531e+12,4.664200224491167969e+12,2.862400582850056641e+13
9.350000000000000000e+01,1.309885499359952148e+12,1.327268738134427734e+12,1.581591884408294434e+12,9.216803160523101562e+12,1.096791157900546680e+13,1.302735687146097656e+12,2.722567249022063477e+12,9.069151526985060547e+12,1.884200527975946875e+13,6.664379727713186035e+11,4.195784129201488281e+12,4.673490471570903320e+12,2.896654957727208203e+13
9.400000000000000000e+01,1.323094366892892090e+12,1.340245058571565186e+12,1.598532913415768799e+12,9.304240335967814453e+12,1.108218162931151953e+13,1.312268871111157959e+12,2.753488127895071289e+12,9.132969595264779297e+12,1.905043066261305469e+13,6.678891714136386719e+11,4.246965295722235352e+12,4.682488268949153320e+12,2.931125954134336719e+13
9.450000000000000000e+01,1.336347337693906494e+12,1.353255037414130371e+12,1.615544290628911865e+12,9.391895931685718750e+12,1.119691518236219922e+13,1.321779044559581299e+12,2.784568098123217773e+12,9.196625853369304688e+12,1.925990814755648047e+13,6.692972504370155029e+11,4.298474023122465820e+12,4.691195972520396484e+12,2.965814184554512500e+13
9.500000000000000000e+01,1.349644265481482666e+12,1.366298455068271729e+12,1.632625919206865723e+12,9.479768536205248047e+12,1.131211164132249805e+13,1.331265920606678711e+12,2.815807264821950684e+12,9.260118485035082031e+12,1.947043850849035547e+13,6.706625490676069336e+11,4.350311223080509277e+12,4.699615945806840820e+12,3.000720265944562891e+13
9.550000000000000000e+01,1.362985005420089111e+12,1.379375093755421143e+12,1.649777703926641357e+12,9.567856749345460938e+12,1.142777041933505859e+13,1.340729217046740234e+12,2.847205735999935547e+12,9.323445703821750000e+12,1.968202253732235156e+13,6.719854078768437500e+11,4.402477814224245117e+12,4.707750559252607422e+12,3.035844819713366406e+13
9.600000000000000000e+01,1.376369414096505127e+12,1.392484737483436523e+12,1.666999551156011230e+12,9.656159182041820312e+12,1.154389093935791406e+13,1.350168656292756104e+12,2.878763622520027832e+12,9.386605752738402344e+12,1.989466104373630469e+13,6.732661686718924561e+11,4.454974722093645508e+12,4.715602189535877930e+12,3.071188471700939062e+13
9.650000000000000000e+01,1.389797349496694824e+12,1.405627172018415527e+12,1.684291368827068848e+12,9.744674456175863281e+12,1.166047263400605078e+13,1.359583965317251465e+12,2.910481038061250488e+12,9.449596903876486328e+12,2.010835485496706641e+13,6.745051743889284668e+11,4.507802879104662109e+12,4.723173218898772461e+12,3.106751852158296484e+13
9.700000000000000000e+01,1.403268670983202637e+12,1.418802184857135986e+12,1.701653066410388428e+12,9.833401204408628906e+12,1.177751494539653320e+13,1.368974875594214844e+12,2.942358099081683594e+12,9.512417458049179688e+12,2.032310481558074219e+13,6.757027689891516113e+11,4.560963224514381836e+12,4.730466034494422852e+12,3.142535595728039062e+13
9.750000000000000000e+01,1.416783239273053955e+12,1.432009565200129639e+12,1.719084554889791504e+12,9.922338070017746094e+12,1.189501732499713477e+13,1.378341123042056152e+12,2.974394924782283691e+12,9.575065744437042969e+12,2.053891178726012891e+13,6.768592973574826660e+11,4.614456704387458008e+12,4.737483027750979492e+12,3.178540341425691016e+13
9.800000000000000000e+01,1.430340916416156982e+12,1.445249103925350830e+12,1.736585746737693604e+12,1.001148370673802539e+13,1.201297923347837695e+13,1.387682447967616455e+12,3.006591637071580078e+12,9.637540120239802734e+12,2.075577664859547656e+13,6.779751052038867188e+11,4.668284271563767578e+12,4.744226593752141602e+12,3.214766732621718359e+13
9.850000000000000000e+01,1.443941565774172852e+12,1.458520593562430908e+12,1.754156555891026855e+12,1.010083677860554688e+13,1.213140014056887891e+13,1.396998595011151855e+12,3.038948360531250977e+12,9.699838970334113281e+12,2.097370029488011328e+13,6.790505389672585449e+11,4.722446885627214844e+12,4.750699130633842773e+12,3.251215417024253906e+13
9.900000000000000000e+01,1.457585051999863037e+12,1.471823828267504395e+12,1.771796897727696289e+12,1.019039595980507617e+13,1.225027952491393750e+13,1.406289313092299316e+12,3.071465222382501465e+12,9.761960706937099609e+12,2.119268363791092969e+13,6.800859457218248291e+11,4.776945512875723633e+12,4.756903038996788086e+12,3.287887046662455469e+13
9.950000000000000000e+01,1.471271241016879150e+12,1.485158603798585205e+12,1.789506689043586914e+12,1.028015993452074805e+13,1.236961687393719141e+13,1.415554355356976562e+12,3.104142352453287598e+12,9.823903769275560547e+12,2.141272760579366406e+13,6.810816730859947510e+11,4.831781126292340820e+12,4.762840721334495117e+12,3.324782277870561328e+13
1.000000000000000000e+02,1.485000000000000000e+12,1.498524717491483643e+12,1.807285848030074707e+12,1.037012739678993164e+13,1.248941168370538281e+13,1.424793479125219238e+12,3.136979883146301758e+12,9.885666623260742188e+12,2.163383314275259766e+13,6.820380691336186523e+11,4.886954705517390625e+12,4.768514581476463867e+12,3.361901771272525000e+13
