family,mass_msun,status,t_sf_myr,t_quench_myr,quench_lower_bound_myr,max_r_over_R0,wall_seconds
fig2,100000000.0,completed_cycle,5.599836353178653,297.46478892895925,,5.6332392911598,0.8211787715554237
fig2,1000000000.0,numerical_failure,,,,,0.13025441765785217
fig5_f001,100000000.0,completed_cycle,5.599836353178653,297.46478892895925,,5.6332392911598,0.8211787715554237
fig5_f001,146779926.76220676,completed_cycle,6.596757886969649,271.57880570776774,,4.586894786573349,0.7825769372284412
fig5_f001,215443469.00318867,completed_cycle,7.783772452899176,248.5887119923863,,3.7606296884064907,0.7485204301774502
fig5_f001,316227766.01683795,completed_cycle,9.199888271785644,227.98214463045008,,3.1177901218494575,0.6890593692660332
fig5_f001,464158883.3612773,completed_cycle,10.893240092878509,209.35419135643667,,2.6246997091189828,0.6447975151240826
fig5_f001,681292069.0579622,numerical_failure,,,,,0.11836914718151093
fig5_f001,1000000000.0,numerical_failure,,,,,0.1164357028901577
fig5_f001,1467799267.6220675,numerical_failure,,,,,0.13173466175794601
fig5_f001,2154434690.0318866,numerical_failure,,,,,0.12679197639226913
fig5_f001,3162277660.1683793,numerical_failure,,,,,0.139787495136261
fig5_f001,4641588833.612773,numerical_failure,,,,,0.14251526072621346
fig5_f001,6812920690.579622,numerical_failure,,,,,0.17191622406244278
fig5_f001,10000000000.0,numerical_failure,,,,,0.15934503078460693
fig5_f001,14677992676.220675,numerical_failure,,,,,0.16802775859832764
fig5_f001,21544346900.31878,numerical_failure,,,,,0.19476622343063354
fig5_f001,31622776601.683792,not_launched_within_window,,,,1.0,0.2164955511689186
fig5_f001,46415888336.12772,not_launched_within_window,,,,1.0,0.22257016226649284
fig5_f001,68129206905.795944,not_launched_within_window,,,,1.0,0.22924886271357536
fig5_f001,100000000000.0,not_launched_within_window,,,,1.0,0.2181306779384613
fig5_f001,146779926762.20676,not_launched_within_window,,,,1.0,0.22590719908475876
fig5_f001,215443469003.18777,not_launched_within_window,,,,1.0,0.2292528934776783
fig5_f001,316227766016.83795,not_launched_within_window,,,,1.0,0.20557764917612076
fig5_f001,464158883361.2773,not_launched_within_window,,,,1.0,0.2213740050792694
fig5_f001,681292069057.9595,not_launched_within_window,,,,1.0,0.2333294115960598
fig5_f001,1000000000000.0,not_launched_within_window,,,,1.0,0.2095278799533844
fig5_f001,1467799267622.0676,not_launched_within_window,,,,1.0,0.22139299288392067
fig5_f001,2154434690031.878,not_launched_within_window,,,,1.0,0.22814153134822845
fig5_f001,3162277660168.3794,not_launched_within_window,,,,1.0,0.214028999209404
fig5_f001,4641588833612.772,not_launched_within_window,,,,1.0,0.22489503026008606
fig5_f001,6812920690579.595,not_launched_within_window,,,,1.0,0.22686974331736565
fig5_f001,10000000000000.0,not_launched_within_window,,,,1.0,0.22763237729668617
fig5_f01,100000000.0,numerical_failure,,,,,0.1017887033522129
fig5_f01,146779926.76220676,numerical_failure,,,,,0.1089123822748661
fig5_f01,215443469.00318867,numerical_failure,,,,,0.09662392362952232
fig5_f01,316227766.01683795,numerical_failure,,,,,0.10349419340491295
fig5_f01,464158883.3612773,numerical_failure,,,,,0.10163217782974243
fig5_f01,681292069.0579622,numerical_failure,,,,,0.09819044172763824
fig5_f01,1000000000.0,numerical_failure,,,,,0.10973725095391273
fig5_f01,1467799267.6220675,numerical_failure,,,,,0.1061212345957756
fig5_f01,2154434690.0318866,numerical_failure,,,,,0.10982180014252663
fig5_f01,3162277660.1683793,numerical_failure,,,,,0.10513917729258537
fig5_f01,4641588833.612773,numerical_failure,,,,,0.1102261021733284
fig5_f01,6812920690.579622,numerical_failure,,,,,0.11543995887041092
fig5_f01,10000000000.0,numerical_failure,,,,,0.10520321130752563
fig5_f01,14677992676.220675,numerical_failure,,,,,0.12143745645880699
fig5_f01,21544346900.31878,numerical_failure,,,,,0.11045869067311287
fig5_f01,31622776601.683792,numerical_failure,,,,,0.11625650525093079
fig5_f01,46415888336.12772,numerical_failure,,,,,0.13095508888363838
fig5_f01,68129206905.795944,numerical_failure,,,,,0.12655459716916084
fig5_f01,100000000000.0,numerical_failure,,,,,0.14389777183532715
fig5_f01,146779926762.20676,numerical_failure,,,,,0.1328992024064064
fig5_f01,215443469003.18777,numerical_failure,,,,,0.13935626670718193
fig5_f01,316227766016.83795,numerical_failure,,,,,0.1746358498930931
fig5_f01,464158883361.2773,numerical_failure,,,,,0.16330493241548538
fig5_f01,681292069057.9595,numerical_failure,,,,,0.17844976857304573
fig5_f01,1000000000000.0,numerical_failure,,,,,0.20248965919017792
fig5_f01,1467799267622.0676,not_launched_within_window,,,,1.0,0.23116984590888023
fig5_f01,2154434690031.878,not_launched_within_window,,,,1.0,0.2316511608660221
fig5_f01,3162277660168.3794,not_launched_within_window,,,,1.0,0.227129764854908
fig5_f01,4641588833612.772,not_launched_within_window,,,,1.0,0.23754382133483887
fig5_f01,6812920690579.595,not_launched_within_window,,,,1.0,0.23334568366408348
fig5_f01,10000000000000.0,not_launched_within_window,,,,1.0,0.2204768918454647
fig5_f1,100000000.0,numerical_failure,,,,,0.0594218410551548
fig5_f1,146779926.76220676,numerical_failure,,,,,0.05766152963042259
fig5_f1,215443469.00318867,numerical_failure,,,,,0.058375004678964615
fig5_f1,316227766.01683795,numerical_failure,,,,,0.06332475319504738
fig5_f1,464158883.3612773,numerical_failure,,,,,0.062059059739112854
fig5_f1,681292069.0579622,numerical_failure,,,,,0.060123756527900696
fig5_f1,1000000000.0,numerical_failure,,,,,0.06586823239922523
fig5_f1,1467799267.6220675,numerical_failure,,,,,0.06925373151898384
fig5_f1,2154434690.0318866,numerical_failure,,,,,0.07271663099527359
fig5_f1,3162277660.1683793,numerical_failure,,,,,0.07199491560459137
fig5_f1,4641588833.612773,numerical_failure,,,,,0.07597667723894119
fig5_f1,6812920690.579622,numerical_failure,,,,,0.0809856653213501
fig5_f1,10000000000.0,numerical_failure,,,,,0.08243855088949203
fig5_f1,14677992676.220675,numerical_failure,,,,,0.0818781889975071
fig5_f1,21544346900.31878,numerical_failure,,,,,0.09066955745220184
fig5_f1,31622776601.683792,numerical_failure,,,,,0.09524175152182579
fig5_f1,46415888336.12772,numerical_failure,,,,,0.09647991508245468
fig5_f1,68129206905.795944,numerical_failure,,,,,0.10394251346588135
fig5_f1,100000000000.0,numerical_failure,,,,,0.11257779970765114
fig5_f1,146779926762.20676,numerical_failure,,,,,0.10987953096628189
fig5_f1,215443469003.18777,numerical_failure,,,,,0.11161009594798088
fig5_f1,316227766016.83795,numerical_failure,,,,,0.10696711391210556
fig5_f1,464158883361.2773,numerical_failure,,,,,0.12790783122181892
fig5_f1,681292069057.9595,numerical_failure,,,,,0.11212007328867912
fig5_f1,1000000000000.0,numerical_failure,,,,,0.10965733230113983
fig5_f1,1467799267622.0676,numerical_failure,,,,,0.11837693676352501
fig5_f1,2154434690031.878,numerical_failure,,,,,0.12683099880814552
fig5_f1,3162277660168.3794,numerical_failure,,,,,0.1275717169046402
fig5_f1,4641588833612.772,numerical_failure,,,,,0.14310554414987564
fig5_f1,6812920690579.595,numerical_failure,,,,,0.1379665769636631
fig5_f1,10000000000000.0,numerical_failure,,,,,0.16012904047966003
fig5_mc1,100000000.0,numerical_failure,,,,,0.27254753187298775
fig5_mc1,146779926.76220676,numerical_failure,,,,,0.2579404041171074
fig5_mc1,215443469.00318867,numerical_failure,,,,,0.26991304010152817
fig5_mc1,316227766.01683795,numerical_failure,,,,,0.09567028284072876
fig5_mc1,464158883.3612773,numerical_failure,,,,,0.09667280688881874
fig5_mc1,681292069.0579622,numerical_failure,,,,,0.10308170691132545
fig5_mc1,1000000000.0,numerical_failure,,,,,0.09813279286026955
fig5_mc1,1467799267.6220675,numerical_failure,,,,,0.09686469286680222
fig5_mc1,2154434690.0318866,numerical_failure,,,,,0.10624021664261818
fig5_mc1,3162277660.1683793,numerical_failure,,,,,0.10202079266309738
fig5_mc1,4641588833.612773,numerical_failure,,,,,0.10946865752339363
fig5_mc1,6812920690.579622,numerical_failure,,,,,0.11091861501336098
fig5_mc1,10000000000.0,numerical_failure,,,,,0.1054014042019844
fig5_mc1,14677992676.220675,numerical_failure,,,,,0.10614583268761635
fig5_mc1,21544346900.31878,numerical_failure,,,,,0.1090891845524311
fig5_mc1,31622776601.683792,numerical_failure,,,,,0.11815404891967773
fig5_mc1,46415888336.12772,numerical_failure,,,,,0.10849402099847794
fig5_mc1,68129206905.795944,numerical_failure,,,,,0.11479409411549568
fig5_mc1,100000000000.0,numerical_failure,,,,,0.11983322352170944
fig5_mc1,146779926762.20676,numerical_failure,,,,,0.12019791081547737
fig5_mc1,215443469003.18777,numerical_failure,,,,,0.12821610644459724
fig5_mc1,316227766016.83795,numerical_failure,,,,,0.13682008907198906
fig5_mc1,464158883361.2773,numerical_failure,,,,,0.13876140490174294
fig5_mc1,681292069057.9595,numerical_failure,,,,,0.14488523826003075
fig5_mc1,1000000000000.0,numerical_failure,,,,,0.15516524016857147
fig5_mc1,1467799267622.0676,numerical_failure,,,,,0.1902148611843586
fig5_mc1,2154434690031.878,numerical_failure,,,,,0.18833839148283005
fig5_mc1,3162277660168.3794,numerical_failure,,,,,0.2749875895678997
fig5_mc1,4641588833612.772,not_launched_within_window,,,,1.0,0.22944344580173492
fig5_mc1,6812920690579.595,not_launched_within_window,,,,1.0,0.229824461042881
fig5_mc1,10000000000000.0,not_launched_within_window,,,,1.0,0.22527817264199257
fig5_mc5,100000000.0,numerical_failure,,,,,0.0718325637280941
fig5_mc5,146779926.76220676,numerical_failure,,,,,0.07057883590459824
fig5_mc5,215443469.00318867,numerical_failure,,,,,0.06949714198708534
fig5_mc5,316227766.01683795,numerical_failure,,,,,0.07014667242765427
fig5_mc5,464158883.3612773,numerical_failure,,,,,0.07490631937980652
fig5_mc5,681292069.0579622,numerical_failure,,,,,0.07838829606771469
fig5_mc5,1000000000.0,numerical_failure,,,,,0.07954985275864601
fig5_mc5,1467799267.6220675,numerical_failure,,,,,0.08530855178833008
fig5_mc5,2154434690.0318866,numerical_failure,,,,,0.08958853408694267
fig5_mc5,3162277660.1683793,numerical_failure,,,,,0.09335731342434883
fig5_mc5,4641588833.612773,numerical_failure,,,,,0.09818712249398232
fig5_mc5,6812920690.579622,numerical_failure,,,,,0.09661512076854706
fig5_mc5,10000000000.0,numerical_failure,,,,,0.10007045790553093
fig5_mc5,14677992676.220675,numerical_failure,,,,,0.10528114438056946
fig5_mc5,21544346900.31878,numerical_failure,,,,,0.10283589363098145
fig5_mc5,31622776601.683792,numerical_failure,,,,,0.10708072409033775
fig5_mc5,46415888336.12772,numerical_failure,,,,,0.10698462277650833
fig5_mc5,68129206905.795944,numerical_failure,,,,,0.10597657412290573
fig5_mc5,100000000000.0,numerical_failure,,,,,0.10838614031672478
fig5_mc5,146779926762.20676,numerical_failure,,,,,0.1125330962240696
fig5_mc5,215443469003.18777,numerical_failure,,,,,0.11778151616454124
fig5_mc5,316227766016.83795,numerical_failure,,,,,0.11796199157834053
fig5_mc5,464158883361.2773,numerical_failure,,,,,0.1349061317741871
fig5_mc5,681292069057.9595,numerical_failure,,,,,0.14085673168301582
fig5_mc5,1000000000000.0,numerical_failure,,,,,0.13379155844449997
fig5_mc5,1467799267622.0676,numerical_failure,,,,,0.1444658376276493
fig5_mc5,2154434690031.878,numerical_failure,,,,,0.1622532568871975
fig5_mc5,3162277660168.3794,numerical_failure,,,,,0.18391422927379608
fig5_mc5,4641588833612.772,numerical_failure,,,,,0.1737796775996685
fig5_mc5,6812920690579.595,numerical_failure,,,,,0.19677822291851044
fig5_mc5,10000000000000.0,not_launched_within_window,,,,1.0,0.23369034752249718
fig8_f001_c1,100000000.0,completed_cycle,5.599836353178653,297.46478892895925,,5.6332392911598,0.8588404580950737
fig8_f001_c1,146779926.76220676,completed_cycle,6.596757886969649,271.57880570776774,,4.586894786573349,0.803569883108139
fig8_f001_c1,215443469.00318867,completed_cycle,7.783772452899176,248.5887119923863,,3.7606296884064907,0.7165187709033489
fig8_f001_c1,316227766.01683795,completed_cycle,9.199888271785644,227.98214463045008,,3.1177901218494575,0.681188303977251
fig8_f001_c1,464158883.3612773,completed_cycle,10.893240092878509,209.35419135643667,,2.6246997091189828,0.6433399096131325
fig8_f001_c1,681292069.0579622,numerical_failure,,,,,0.12157557532191277
fig8_f001_c1,1000000000.0,numerical_failure,,,,,0.11942385882139206
fig8_f001_c1,1467799267.6220675,numerical_failure,,,,,0.1250949203968048
fig8_f001_c1,2154434690.0318866,numerical_failure,,,,,0.1278994120657444
fig8_f001_c1,3162277660.1683793,numerical_failure,,,,,0.13997717946767807
fig8_f001_c1,4641588833.612773,numerical_failure,,,,,0.14558501541614532
fig8_f001_c1,6812920690.579622,numerical_failure,,,,,0.16578805074095726
fig8_f001_c1,10000000000.0,numerical_failure,,,,,0.15982336923480034
fig8_f001_c1,14677992676.220675,numerical_failure,,,,,0.17075683921575546
fig8_f001_c1,21544346900.31878,numerical_failure,,,,,0.19273218885064125
fig8_f001_c1,31622776601.683792,not_launched_within_window,,,,1.0,0.22979805618524551
fig8_f001_c1,46415888336.12772,not_launched_within_window,,,,1.0,0.2227114401757717
fig8_f001_c1,68129206905.795944,not_launched_within_window,,,,1.0,0.22285546362400055
fig8_f001_c1,100000000000.0,not_launched_within_window,,,,1.0,0.22273476421833038
fig8_f001_c1,146779926762.20676,not_launched_within_window,,,,1.0,0.22842338681221008
fig8_f001_c1,215443469003.18777,not_launched_within_window,,,,1.0,0.2215702012181282
fig8_f001_c1,316227766016.83795,not_launched_within_window,,,,1.0,0.21815135329961777
fig8_f001_c1,464158883361.2773,not_launched_within_window,,,,1.0,0.22825228422880173
fig8_f001_c1,681292069057.9595,not_launched_within_window,,,,1.0,0.2223413921892643
fig8_f001_c1,1000000000000.0,not_launched_within_window,,,,1.0,0.22275948151946068
fig8_f001_c1,1467799267622.0676,not_launched_within_window,,,,1.0,0.2215288132429123
fig8_f001_c1,2154434690031.878,not_launched_within_window,,,,1.0,0.21976405754685402
fig8_f001_c1,3162277660168.3794,not_launched_within_window,,,,1.0,0.25105058401823044
fig8_f001_c1,4641588833612.772,not_launched_within_window,,,,1.0,0.22576884925365448
fig8_f001_c1,6812920690579.595,not_launched_within_window,,,,1.0,0.2198617234826088
fig8_f001_c1,10000000000000.0,not_launched_within_window,,,,1.0,0.22497545555233955
fig8_f001_c01,100000000.0,completed_cycle,6.164914160088999,105.45686994632553,,1.7549128529499978,0.3786242716014385
fig8_f001_c01,146779926.76220676,completed_cycle,7.266335994849112,96.10317689983049,,1.5913634116252018,0.3431466110050678
fig8_f001_c01,215443469.00318867,completed_cycle,8.578863895398015,72.3993615415366,,1.456899999625805,0.28596803545951843
fig8_f001_c01,316227766.01683795,numerical_failure,,,,,0.11669310927391052
fig8_f001_c01,464158883.3612773,numerical_failure,,,,,0.12652555480599403
fig8_f001_c01,681292069.0579622,numerical_failure,,,,,0.12105027958750725
fig8_f001_c01,1000000000.0,numerical_failure,,,,,0.11890941858291626
fig8_f001_c01,1467799267.6220675,numerical_failure,,,,,0.12963160127401352
fig8_f001_c01,2154434690.0318866,numerical_failure,,,,,0.14232314378023148
fig8_f001_c01,3162277660.1683793,numerical_failure,,,,,0.1547442004084587
fig8_f001_c01,4641588833.612773,numerical_failure,,,,,0.16356677189469337
fig8_f001_c01,6812920690.579622,numerical_failure,,,,,0.1560748592019081
fig8_f001_c01,10000000000.0,numerical_failure,,,,,0.16568591445684433
fig8_f001_c01,14677992676.220675,numerical_failure,,,,,0.18078991770744324
fig8_f001_c01,21544346900.31878,numerical_failure,,,,,0.21005785837769508
fig8_f001_c01,31622776601.683792,not_launched_within_window,,,,1.0,0.22092557698488235
fig8_f001_c01,46415888336.12772,not_launched_within_window,,,,1.0,0.22327478975057602
fig8_f001_c01,68129206905.795944,not_launched_within_window,,,,1.0,0.22333832830190659
fig8_f001_c01,100000000000.0,not_launched_within_window,,,,1.0,0.21993713453412056
fig8_f001_c01,146779926762.20676,not_launched_within_window,,,,1.0,0.22430839389562607
fig8_f001_c01,215443469003.18777,not_launched_within_window,,,,1.0,0.22517431154847145
fig8_f001_c01,316227766016.83795,not_launched_within_window,,,,1.0,0.21799028292298317
fig8_f001_c01,464158883361.2773,not_launched_within_window,,,,1.0,0.21825645491480827
fig8_f001_c01,681292069057.9595,not_launched_within_window,,,,1.0,0.2271546609699726
fig8_f001_c01,1000000000000.0,not_launched_within_window,,,,1.0,0.21984513849020004
fig8_f001_c01,1467799267622.0676,not_launched_within_window,,,,1.0,0.2193889543414116
fig8_f001_c01,2154434690031.878,not_launched_within_window,,,,1.0,0.2225482575595379
fig8_f001_c01,3162277660168.3794,not_launched_within_window,,,,1.0,0.21505668014287949
fig8_f001_c01,4641588833612.772,not_launched_within_window,,,,1.0,0.22187035530805588
fig8_f001_c01,6812920690579.595,not_launched_within_window,,,,1.0,0.2196611613035202
fig8_f001_c01,10000000000000.0,not_launched_within_window,,,,1.0,0.22296804562211037
fig8_f001_c005,100000000.0,completed_cycle,6.762697563462058,58.17819540471717,,1.3205482328417781,0.2562709301710129
fig8_f001_c005,146779926.76220676,completed_cycle,7.975582474842977,49.88607928956817,,1.2279297496476553,0.2651395685970783
fig8_f001_c005,215443469.00318867,numerical_failure,,,,,0.11632132530212402
fig8_f001_c005,316227766.01683795,numerical_failure,,,,,0.11947503313422203
fig8_f001_c005,464158883.3612773,numerical_failure,,,,,0.11730718985199928
fig8_f001_c005,681292069.0579622,numerical_failure,,,,,0.12441371753811836
fig8_f001_c005,1000000000.0,numerical_failure,,,,,0.12260035797953606
fig8_f001_c005,1467799267.6220675,numerical_failure,,,,,0.127777349203825
fig8_f001_c005,2154434690.0318866,numerical_failure,,,,,0.1351148709654808
fig8_f001_c005,3162277660.1683793,numerical_failure,,,,,0.14597903192043304
fig8_f001_c005,4641588833.612773,numerical_failure,,,,,0.1680092252790928
fig8_f001_c005,6812920690.579622,numerical_failure,,,,,0.16599031537771225
fig8_f001_c005,10000000000.0,numerical_failure,,,,,0.20275747776031494
fig8_f001_c005,14677992676.220675,numerical_failure,,,,,0.19025228917598724
fig8_f001_c005,21544346900.31878,not_launched_within_window,,,,1.0,0.22649675980210304
fig8_f001_c005,31622776601.683792,not_launched_within_window,,,,1.0,0.22060243040323257
fig8_f001_c005,46415888336.12772,not_launched_within_window,,,,1.0,0.22010261192917824
fig8_f001_c005,68129206905.795944,not_launched_within_window,,,,1.0,0.22632825374603271
fig8_f001_c005,100000000000.0,not_launched_within_window,,,,1.0,0.22138528153300285
fig8_f001_c005,146779926762.20676,not_launched_within_window,,,,1.0,0.22410909086465836
fig8_f001_c005,215443469003.18777,not_launched_within_window,,,,1.0,0.22495773434638977
fig8_f001_c005,316227766016.83795,not_launched_within_window,,,,1.0,0.2168053649365902
fig8_f001_c005,464158883361.2773,not_launched_within_window,,,,1.0,0.22130853682756424
fig8_f001_c005,681292069057.9595,not_launched_within_window,,,,1.0,0.22099408507347107
fig8_f001_c005,1000000000000.0,not_launched_within_window,,,,1.0,0.2156575210392475
fig8_f001_c005,1467799267622.0676,not_launched_within_window,,,,1.0,0.22489063069224358
fig8_f001_c005,2154434690031.878,not_launched_within_window,,,,1.0,0.22009970992803574
fig8_f001_c005,3162277660168.3794,not_launched_within_window,,,,1.0,0.22236934304237366
fig8_f001_c005,4641588833612.772,not_launched_within_window,,,,1.0,0.22174843028187752
fig8_f001_c005,6812920690579.595,not_launched_within_window,,,,1.0,0.2202647104859352
fig8_f001_c005,10000000000000.0,not_launched_within_window,,,,1.0,0.226837657392025
fig8_f001_c0005,100000000.0,numerical_failure,,,,,0.12215317413210869
fig8_f001_c0005,146779926.76220676,numerical_failure,,,,,0.13631610944867134
fig8_f001_c0005,215443469.00318867,numerical_failure,,,,,0.1279146410524845
fig8_f001_c0005,316227766.01683795,numerical_failure,,,,,0.13845061510801315
fig8_f001_c0005,464158883.3612773,numerical_failure,,,,,0.13747720420360565
fig8_f001_c0005,681292069.0579622,numerical_failure,,,,,0.15215639397501945
fig8_f001_c0005,1000000000.0,numerical_failure,,,,,0.16737104952335358
fig8_f001_c0005,1467799267.6220675,numerical_failure,,,,,0.17176183685660362
fig8_f001_c0005,2154434690.0318866,numerical_failure,,,,,0.19649196788668633
fig8_f001_c0005,3162277660.1683793,not_launched_within_window,,,,1.0,0.23453960195183754
fig8_f001_c0005,4641588833.612773,not_launched_within_window,,,,1.0,0.2241736762225628
fig8_f001_c0005,6812920690.579622,not_launched_within_window,,,,1.0,0.24211061373353004
fig8_f001_c0005,10000000000.0,not_launched_within_window,,,,1.0,0.22713452950119972
fig8_f001_c0005,14677992676.220675,not_launched_within_window,,,,1.0,0.21542294323444366
fig8_f001_c0005,21544346900.31878,not_launched_within_window,,,,1.0,0.2273430973291397
fig8_f001_c0005,31622776601.683792,not_launched_within_window,,,,1.0,0.23217929527163506
fig8_f001_c0005,46415888336.12772,not_launched_within_window,,,,1.0,0.2215355858206749
fig8_f001_c0005,68129206905.795944,not_launched_within_window,,,,1.0,0.26047493517398834
fig8_f001_c0005,100000000000.0,not_launched_within_window,,,,1.0,0.2233043760061264
fig8_f001_c0005,146779926762.20676,not_launched_within_window,,,,1.0,0.223172627389431
fig8_f001_c0005,215443469003.18777,not_launched_within_window,,,,1.0,0.25785715878009796
fig8_f001_c0005,316227766016.83795,not_launched_within_window,,,,1.0,0.2240811474621296
fig8_f001_c0005,464158883361.2773,not_launched_within_window,,,,1.0,0.21798517182469368
fig8_f001_c0005,681292069057.9595,not_launched_within_window,,,,1.0,0.26061178371310234
fig8_f001_c0005,1000000000000.0,not_launched_within_window,,,,1.0,0.2242019698023796
fig8_f001_c0005,1467799267622.0676,not_launched_within_window,,,,1.0,0.2209089957177639
fig8_f001_c0005,2154434690031.878,not_launched_within_window,,,,1.0,0.275152575224638
fig8_f001_c0005,3162277660168.3794,not_launched_within_window,,,,1.0,0.22595422714948654
fig8_f001_c0005,4641588833612.772,not_launched_within_window,,,,1.0,0.2305014804005623
fig8_f001_c0005,6812920690579.595,not_launched_within_window,,,,1.0,0.22096037864685059
fig8_f001_c0005,10000000000000.0,not_launched_within_window,,,,1.0,0.253913015127182
fig8_f001_lowgas,100000000.0,completed_cycle,6.725004898841651,120.02532786565921,,1.9525955200547016,0.4230329133570194
fig8_f001_lowgas,146779926.76220676,completed_cycle,7.987206123217087,108.20931736883092,,1.7680561116623077,0.38247280567884445
fig8_f001_lowgas,215443469.00318867,completed_cycle,9.51731476258451,100.03932789059475,,1.6188488488730326,0.4079808294773102
fig8_f001_lowgas,316227766.01683795,completed_cycle,11.380993011790649,92.63480582268535,,1.4971420408949183,0.34621523693203926
fig8_f001_lowgas,464158883.3612773,completed_cycle,13.66300475344719,70.9705790372521,,1.3972402066811653,0.3042394742369652
fig8_f001_lowgas,681292069.0579622,completed_cycle,16.47375577431699,65.12921240227249,,1.3149054974566357,0.28878143802285194
fig8_f001_lowgas,1000000000.0,completed_cycle,19.958659895688783,60.363403664699376,,1.2469188326897356,0.2748020254075527
fig8_f001_lowgas,1467799267.6220675,numerical_failure,,,,,0.13700122013688087
fig8_f001_lowgas,2154434690.0318866,numerical_failure,,,,,0.1509571112692356
fig8_f001_lowgas,3162277660.1683793,numerical_failure,,,,,0.15111461654305458
fig8_f001_lowgas,4641588833.612773,numerical_failure,,,,,0.16570880264043808
fig8_f001_lowgas,6812920690.579622,numerical_failure,,,,,0.1765025481581688
fig8_f001_lowgas,10000000000.0,numerical_failure,,,,,0.19824067130684853
fig8_f001_lowgas,14677992676.220675,not_launched_within_window,,,,1.0,0.22761854156851768
fig8_f001_lowgas,21544346900.31878,not_launched_within_window,,,,1.0,0.22644053027033806
fig8_f001_lowgas,31622776601.683792,not_launched_within_window,,,,1.0,0.22823180258274078
fig8_f001_lowgas,46415888336.12772,not_launched_within_window,,,,1.0,0.22492772340774536
fig8_f001_lowgas,68129206905.795944,not_launched_within_window,,,,1.0,0.22154254466295242
fig8_f001_lowgas,100000000000.0,not_launched_within_window,,,,1.0,0.22580445930361748
fig8_f001_lowgas,146779926762.20676,not_launched_within_window,,,,1.0,0.24538986012339592
fig8_f001_lowgas,215443469003.18777,not_launched_within_window,,,,1.0,0.22229550778865814
fig8_f001_lowgas,316227766016.83795,not_launched_within_window,,,,1.0,0.22909044101834297
fig8_f001_lowgas,464158883361.2773,not_launched_within_window,,,,1.0,0.27024610713124275
fig8_f001_lowgas,681292069057.9595,not_launched_within_window,,,,1.0,0.22510097175836563
fig8_f001_lowgas,1000000000000.0,not_launched_within_window,,,,1.0,0.26903949677944183
fig8_f001_lowgas,1467799267622.0676,not_launched_within_window,,,,1.0,0.2267250493168831
fig8_f001_lowgas,2154434690031.878,not_launched_within_window,,,,1.0,0.23860685154795647
fig8_f001_lowgas,3162277660168.3794,not_launched_within_window,,,,1.0,0.23252105712890625
fig8_f001_lowgas,4641588833612.772,not_launched_within_window,,,,1.0,0.2244863398373127
fig8_f001_lowgas,6812920690579.595,not_launched_within_window,,,,1.0,0.22654295712709427
fig8_f001_lowgas,10000000000000.0,not_launched_within_window,,,,1.0,0.23235191404819489
fig8_f01_c1,100000000.0,numerical_failure,,,,,0.10115427523851395
fig8_f01_c1,146779926.76220676,numerical_failure,,,,,0.10666756704449654
fig8_f01_c1,215443469.00318867,numerical_failure,,,,,0.09667975828051567
fig8_f01_c1,316227766.01683795,numerical_failure,,,,,0.1024264469742775
fig8_f01_c1,464158883.3612773,numerical_failure,,,,,0.10095274820923805
fig8_f01_c1,681292069.0579622,numerical_failure,,,,,0.09664187207818031
fig8_f01_c1,1000000000.0,numerical_failure,,,,,0.10961132496595383
fig8_f01_c1,1467799267.6220675,numerical_failure,,,,,0.10540749132633209
fig8_f01_c1,2154434690.0318866,numerical_failure,,,,,0.1088489443063736
fig8_f01_c1,3162277660.1683793,numerical_failure,,,,,0.10464878752827644
fig8_f01_c1,4641588833.612773,numerical_failure,,,,,0.11042528599500656
fig8_f01_c1,6812920690.579622,numerical_failure,,,,,0.11294156312942505
fig8_f01_c1,10000000000.0,numerical_failure,,,,,0.10614287853240967
fig8_f01_c1,14677992676.220675,numerical_failure,,,,,0.12582890316843987
fig8_f01_c1,21544346900.31878,numerical_failure,,,,,0.1105421707034111
fig8_f01_c1,31622776601.683792,numerical_failure,,,,,0.1191171146929264
fig8_f01_c1,46415888336.12772,numerical_failure,,,,,0.13143780082464218
fig8_f01_c1,68129206905.795944,numerical_failure,,,,,0.12377604097127914
fig8_f01_c1,100000000000.0,numerical_failure,,,,,0.14783238619565964
fig8_f01_c1,146779926762.20676,numerical_failure,,,,,0.1356678418815136
fig8_f01_c1,215443469003.18777,numerical_failure,,,,,0.14777982234954834
fig8_f01_c1,316227766016.83795,numerical_failure,,,,,0.17478113994002342
fig8_f01_c1,464158883361.2773,numerical_failure,,,,,0.16689735651016235
fig8_f01_c1,681292069057.9595,numerical_failure,,,,,0.17723707482218742
fig8_f01_c1,1000000000000.0,numerical_failure,,,,,0.20828496664762497
fig8_f01_c1,1467799267622.0676,not_launched_within_window,,,,1.0,0.22960542887449265
fig8_f01_c1,2154434690031.878,not_launched_within_window,,,,1.0,0.2268259972333908
fig8_f01_c1,3162277660168.3794,not_launched_within_window,,,,1.0,0.23127245903015137
fig8_f01_c1,4641588833612.772,not_launched_within_window,,,,1.0,0.23449617996811867
fig8_f01_c1,6812920690579.595,not_launched_within_window,,,,1.0,0.22844520211219788
fig8_f01_c1,10000000000000.0,not_launched_within_window,,,,1.0,0.22173825651407242
fig8_f01_c01,100000000.0,numerical_failure,,,,,0.101870097219944
fig8_f01_c01,146779926.76220676,numerical_failure,,,,,0.10577761009335518
fig8_f01_c01,215443469.00318867,numerical_failure,,,,,0.13112056255340576
fig8_f01_c01,316227766.01683795,numerical_failure,,,,,0.10455930233001709
fig8_f01_c01,464158883.3612773,numerical_failure,,,,,0.0997062511742115
fig8_f01_c01,681292069.0579622,numerical_failure,,,,,0.09997590631246567
fig8_f01_c01,1000000000.0,numerical_failure,,,,,0.10917928069829941
fig8_f01_c01,1467799267.6220675,numerical_failure,,,,,0.1066652350127697
fig8_f01_c01,2154434690.0318866,numerical_failure,,,,,0.10958097502589226
fig8_f01_c01,3162277660.1683793,numerical_failure,,,,,0.10697619616985321
fig8_f01_c01,4641588833.612773,numerical_failure,,,,,0.1151205450296402
fig8_f01_c01,6812920690.579622,numerical_failure,,,,,0.12369691208004951
fig8_f01_c01,10000000000.0,numerical_failure,,,,,0.11448563635349274
fig8_f01_c01,14677992676.220675,numerical_failure,,,,,0.11443540081381798
fig8_f01_c01,21544346900.31878,numerical_failure,,,,,0.11341932788491249
fig8_f01_c01,31622776601.683792,numerical_failure,,,,,0.12322958931326866
fig8_f01_c01,46415888336.12772,numerical_failure,,,,,0.136431984603405
fig8_f01_c01,68129206905.795944,numerical_failure,,,,,0.12791097909212112
fig8_f01_c01,100000000000.0,numerical_failure,,,,,0.14612041413784027
fig8_f01_c01,146779926762.20676,numerical_failure,,,,,0.1435254141688347
fig8_f01_c01,215443469003.18777,numerical_failure,,,,,0.17489366978406906
fig8_f01_c01,316227766016.83795,numerical_failure,,,,,0.1687055416405201
fig8_f01_c01,464158883361.2773,numerical_failure,,,,,0.21145625784993172
fig8_f01_c01,681292069057.9595,numerical_failure,,,,,0.20087016001343727
fig8_f01_c01,1000000000000.0,not_launched_within_window,,,,1.0,0.23276040703058243
fig8_f01_c01,1467799267622.0676,not_launched_within_window,,,,1.0,0.2305646799504757
fig8_f01_c01,2154434690031.878,not_launched_within_window,,,,1.0,0.2320706769824028
fig8_f01_c01,3162277660168.3794,not_launched_within_window,,,,1.0,0.24227126687765121
fig8_f01_c01,4641588833612.772,not_launched_within_window,,,,1.0,0.23598814010620117
fig8_f01_c01,6812920690579.595,not_launched_within_window,,,,1.0,0.23402371257543564
fig8_f01_c01,10000000000000.0,not_launched_within_window,,,,1.0,0.23063112422823906
fig8_f01_c005,100000000.0,numerical_failure,,,,,0.1146504282951355
fig8_f01_c005,146779926.76220676,numerical_failure,,,,,0.11962632834911346
fig8_f01_c005,215443469.00318867,numerical_failure,,,,,0.10234925150871277
fig8_f01_c005,316227766.01683795,numerical_failure,,,,,0.10353819280862808
fig8_f01_c005,464158883.3612773,numerical_failure,,,,,0.10148214176297188
fig8_f01_c005,681292069.0579622,numerical_failure,,,,,0.11021026223897934
fig8_f01_c005,1000000000.0,numerical_failure,,,,,0.11625169962644577
fig8_f01_c005,1467799267.6220675,numerical_failure,,,,,0.10873032733798027
fig8_f01_c005,2154434690.0318866,numerical_failure,,,,,0.11769115924835205
fig8_f01_c005,3162277660.1683793,numerical_failure,,,,,0.11014531925320625
fig8_f01_c005,4641588833.612773,numerical_failure,,,,,0.13035637512803078
fig8_f01_c005,6812920690.579622,numerical_failure,,,,,0.12000355869531631
fig8_f01_c005,10000000000.0,numerical_failure,,,,,0.11300987005233765
fig8_f01_c005,14677992676.220675,numerical_failure,,,,,0.1255858764052391
fig8_f01_c005,21544346900.31878,numerical_failure,,,,,0.12408050522208214
fig8_f01_c005,31622776601.683792,numerical_failure,,,,,0.12574436143040657
fig8_f01_c005,46415888336.12772,numerical_failure,,,,,0.13556745275855064
fig8_f01_c005,68129206905.795944,numerical_failure,,,,,0.14310936629772186
fig8_f01_c005,100000000000.0,numerical_failure,,,,,0.1434355415403843
fig8_f01_c005,146779926762.20676,numerical_failure,,,,,0.16762208193540573
fig8_f01_c005,215443469003.18777,numerical_failure,,,,,0.1574869640171528
fig8_f01_c005,316227766016.83795,numerical_failure,,,,,0.17268351837992668
fig8_f01_c005,464158883361.2773,numerical_failure,,,,,0.19576624780893326
fig8_f01_c005,681292069057.9595,numerical_failure,,,,,0.22299912944436073
fig8_f01_c005,1000000000000.0,not_launched_within_window,,,,1.0,0.2238667532801628
fig8_f01_c005,1467799267622.0676,not_launched_within_window,,,,1.0,0.23519880324602127
fig8_f01_c005,2154434690031.878,not_launched_within_window,,,,1.0,0.23347476869821548
fig8_f01_c005,3162277660168.3794,not_launched_within_window,,,,1.0,0.2308790646493435
fig8_f01_c005,4641588833612.772,not_launched_within_window,,,,1.0,0.2444288469851017
fig8_f01_c005,6812920690579.595,not_launched_within_window,,,,1.0,0.23596984520554543
fig8_f01_c005,10000000000000.0,not_launched_within_window,,,,1.0,0.2211940586566925
fig8_f01_c0005,100000000.0,numerical_failure,,,,,0.11415897309780121
fig8_f01_c0005,146779926.76220676,numerical_failure,,,,,0.11382702365517616
fig8_f01_c0005,215443469.00318867,numerical_failure,,,,,0.10527367517352104
fig8_f01_c0005,316227766.01683795,numerical_failure,,,,,0.12476589158177376
fig8_f01_c0005,464158883.3612773,numerical_failure,,,,,0.11215056851506233
fig8_f01_c0005,681292069.0579622,numerical_failure,,,,,0.1105213612318039
fig8_f01_c0005,1000000000.0,numerical_failure,,,,,0.11547000706195831
fig8_f01_c0005,1467799267.6220675,numerical_failure,,,,,0.11399907618761063
fig8_f01_c0005,2154434690.0318866,numerical_failure,,,,,0.12472289055585861
fig8_f01_c0005,3162277660.1683793,numerical_failure,,,,,0.1167876273393631
fig8_f01_c0005,4641588833.612773,numerical_failure,,,,,0.12356308475136757
fig8_f01_c0005,6812920690.579622,numerical_failure,,,,,0.1288643777370453
fig8_f01_c0005,10000000000.0,numerical_failure,,,,,0.12549582496285439
fig8_f01_c0005,14677992676.220675,numerical_failure,,,,,0.1356130950152874
fig8_f01_c0005,21544346900.31878,numerical_failure,,,,,0.15984416380524635
fig8_f01_c0005,31622776601.683792,numerical_failure,,,,,0.16066163033246994
fig8_f01_c0005,46415888336.12772,numerical_failure,,,,,0.1918759010732174
fig8_f01_c0005,68129206905.795944,numerical_failure,,,,,0.2086375579237938
fig8_f01_c0005,100000000000.0,not_launched_within_window,,,,1.0,0.23729123920202255
fig8_f01_c0005,146779926762.20676,not_launched_within_window,,,,1.0,0.23081081733107567
fig8_f01_c0005,215443469003.18777,not_launched_within_window,,,,1.0,0.23751478269696236
fig8_f01_c0005,316227766016.83795,not_launched_within_window,,,,1.0,0.23028122633695602
fig8_f01_c0005,464158883361.2773,not_launched_within_window,,,,1.0,0.2266523763537407
fig8_f01_c0005,681292069057.9595,not_launched_within_window,,,,1.0,0.22243550792336464
fig8_f01_c0005,1000000000000.0,not_launched_within_window,,,,1.0,0.22581366077065468
fig8_f01_c0005,1467799267622.0676,not_launched_within_window,,,,1.0,0.22757941856980324
fig8_f01_c0005,2154434690031.878,not_launched_within_window,,,,1.0,0.2252890020608902
fig8_f01_c0005,3162277660168.3794,not_launched_within_window,,,,1.0,0.2326519936323166
fig8_f01_c0005,4641588833612.772,not_launched_within_window,,,,1.0,0.23349108174443245
fig8_f01_c0005,6812920690579.595,not_launched_within_window,,,,1.0,0.2339550144970417
fig8_f01_c0005,10000000000000.0,not_launched_within_window,,,,1.0,0.22132457420229912
fig8_f01_lowgas,100000000.0,completed_cycle,1.369589399878115,272.46562918784815,,5.8953117890038,0.8002176657319069
fig8_f01_lowgas,146779926.76220676,completed_cycle,1.597244234967523,252.48127664504875,,5.000392547154955,0.7362477667629719
fig8_f01_lowgas,215443469.00318867,completed_cycle,1.8679537651870488,233.7276041736056,,4.235229381370504,0.7030091248452663
fig8_f01_lowgas,316227766.01683795,numerical_failure,,,,,0.10481848940253258
fig8_f01_lowgas,464158883.3612773,numerical_failure,,,,,0.10656479746103287
fig8_f01_lowgas,681292069.0579622,numerical_failure,,,,,0.1051776297390461
fig8_f01_lowgas,1000000000.0,numerical_failure,,,,,0.11403126642107964
fig8_f01_lowgas,1467799267.6220675,numerical_failure,,,,,0.09832460805773735
fig8_f01_lowgas,2154434690.0318866,numerical_failure,,,,,0.11380211263895035
fig8_f01_lowgas,3162277660.1683793,numerical_failure,,,,,0.1166686862707138
fig8_f01_lowgas,4641588833.612773,numerical_failure,,,,,0.11146317422389984
fig8_f01_lowgas,6812920690.579622,numerical_failure,,,,,0.11295414343476295
fig8_f01_lowgas,10000000000.0,numerical_failure,,,,,0.12448332831263542
fig8_f01_lowgas,14677992676.220675,numerical_failure,,,,,0.12511441856622696
fig8_f01_lowgas,21544346900.31878,numerical_failure,,,,,0.12506652623414993
fig8_f01_lowgas,31622776601.683792,numerical_failure,,,,,0.1385130025446415
fig8_f01_lowgas,46415888336.12772,numerical_failure,,,,,0.13228799402713776
fig8_f01_lowgas,68129206905.795944,numerical_failure,,,,,0.14306726306676865
fig8_f01_lowgas,100000000000.0,numerical_failure,,,,,0.14754801616072655
fig8_f01_lowgas,146779926762.20676,numerical_failure,,,,,0.15028388425707817
fig8_f01_lowgas,215443469003.18777,numerical_failure,,,,,0.16267836466431618
fig8_f01_lowgas,316227766016.83795,numerical_failure,,,,,0.18421851098537445
fig8_f01_lowgas,464158883361.2773,numerical_failure,,,,,0.21659305691719055
fig8_f01_lowgas,681292069057.9595,not_launched_within_window,,,,1.0,0.2698942795395851
fig8_f01_lowgas,1000000000000.0,not_launched_within_window,,,,1.0,0.23413604870438576
fig8_f01_lowgas,1467799267622.0676,not_launched_within_window,,,,1.0,0.2789774239063263
fig8_f01_lowgas,2154434690031.878,not_launched_within_window,,,,1.0,0.22523320093750954
fig8_f01_lowgas,3162277660168.3794,not_launched_within_window,,,,1.0,0.24122877791523933
fig8_f01_lowgas,4641588833612.772,not_launched_within_window,,,,1.0,0.23653685301542282
fig8_f01_lowgas,6812920690579.595,not_launched_within_window,,,,1.0,0.22936327755451202
fig8_f01_lowgas,10000000000000.0,not_launched_within_window,,,,1.0,0.24256960302591324
